ID,Answer
0,紅色羽毛，但士官長的頭盔則是白色羽毛
1,《諸羅縣志
2,袁晁率起義軍
3,柏林陸軍學院
4,長盤勝負
5,孫銘武
6,1874年，日本因琉球人誤闖排灣領土事件，出兵恆春半島，即「牡丹社事件」。這對清廷以往消極的臺灣經營成為一種警訊。清廷在日軍出兵臺灣後的1874年
7,向西擴張
8,英國
9,郵票的發展，出現了所謂的郵票語言
10,周星馳
11,秀吉
12,高架車站
13,anticipation
14,2007年
15,碳酸鹽
16,華萊士
17,外面的部份溫度會比內部核心的低
18,經濟
19,100公里
20,愛爾蘭語
21,荷蘭
22,霜
23,塞爾維亞反對黨
24,1861年
25,
26,拉丁文[UNK]
27,猶太基督徒
28,1964年
29,傑羅姆·威斯納
30,文化大革命
31,《金驢記》
32,灣仔
33,振州
34,
35,1964年
36,新北市
37,白色被稱為「小白宮
38,遊行示威集會權利雖不能說有保障，但還在合法狀態下。1989年六四天安門事件後，全國人大常委會在10月31日緊急立法，出台一部憲法類法律[UNK]《中華人民共和國集會遊行示威法》
39,史天澤
40,宋端宗
41,四千名
42,46億年
43,1070年
44,《國民養老保險法》
45,中國建設銀行
46,1930年
47,東德喜劇
48,1932年的選舉使民主黨在兩院以及各州州長都取得了多數，1934年
49,
50,康熙帝
51,商務印書館
52,1960年代
53,刺殺
54,紐約市
55,基督教
56,預覽阿爾法
57,南京
58,新北市教育主管機管
59,賓拉登死亡之事
60,舞會、狩獵
61,中國國民黨
62,中生代侏羅紀
63,阿拉貢國王卡洛斯三世
64,熱帶雨林氣候
65,
66,李宗仁
67,南唐
68,噴射發動機
69,二十二歲
70,亞洲
71,1984年
72,社會主義陣營
73,氦
74,聖方濟·沙勿略是西班牙籍天主教傳教士，也是耶穌會創始人之一，首先將天主教信仰傳播到亞洲的麻六甲和日本
75,都市高速公路、城際高速公路、其他的快速道路
76,高麗大學校主樓
77,侯寶林
78,羽柴秀吉
79,俾斯麥
80,葉爾欽
81,1958年
82,靈魂
83,科龍港
84,蓋爾人
85,十二平均律
86,西漢元封二年
87,隋滅南陳
88,佛教
89,1861年
90,豐臣秀吉
91,三吳地區
92,以色列
93,大躍進運動
94,國立武昌高等師範學校
95,蘇利南
96,
97,檸檬酸咖啡因療法
98,1913年
99,1949年
100,大象
101,1915年
102,1600年
103,有絲分裂
104,英國
105,芝諾比亞
106,仁祖
107,貝加爾
108,佛學論書
109,北海道帝國大學農學部的實驗林，當時的總督府農林學院
110,歐登堡
111,第四次
112,1944年
113,安娜·德·薩伏伊皇后
114,巴夏禮
115,哈林河
116,孟加拉
117,柴可夫斯基獎
118,中原
119,荷蘭語
120,威廉·洛厄爾·普特南
121,
122,德國
123,陳寅恪認為，五胡之名，起自於五德終始說
124,刺殺
125,未標準化，使得喃字在推行上困難重重
126,四百公尺
127,1948年
128,施里芬計劃
129,福建林家
130,用來運貨
131,經濟蕭條
132,西人黨
133,2005年
134,臺北
135,斐迪南·麥哲倫
136,杭縣
137,蘇聯國旗
138,希臘
139,1941年
140,多腔磁控管雷達技術
141,點石齋畫報
142,南越地區
143,1988年
144,上吊方式
145,喬治麥高文
146,水鐘
147,《布告各省公啟》
148,阿拉里克
149,德蘇戰爭
150,髒層
151,工業國家
152,1949年
153,就業保障制度
154,清光緒十七年
155,雕像
156,代行」總統職權，李於1月21日正式接任中華民國代總統。中華民國政府因國共內戰戰況失利
157,
158,乙醚
159,藥葛羅
160,卡爾梅克人
161,1969年初，劉少奇患重病，由中南海特派的搶救組予以搶救。1969年10月17日
162,63位
163,卡利克斯特三世
164,古希臘
165,盧安達語
166,建成的陸地命名為「九龍灣」，現在主要為住宅、工商業用地
167,蔣中正
168,農業資源稟賦非常稀缺，現有耕地面積1835.6千公頃
169,網景通訊公司
170,
171,1999年
172,《天淨沙》
173,七十年代
174,北魏正光元年
175,趙佗創立南越國
176,土地測量
177,岑智明
178,
179,公元前362年
180,
181,28歲
182,2000年10月
183,保加利亞、塞爾維亞、希臘與蒙特尼哥羅組成巴爾幹同盟，聯合攻打鄂圖曼土耳其帝國
184,三大優點
185,10度
186,社會黨
187,布里奧尼島
188,波士頓
189,1992年
190,下旋球
191,後箱館裁判所，便將北海道納入新政府統治
192,明朝
193,1863年
194,2000年
195,2012年
196,道縣玉蟾岩
197,赫爾戈蘭灣
198,森林
199,阿森納女子足球俱樂部
200,一黨制或者一黨優勢制
201,酒樓
202,1920年
203,1美元
204,多倫多
205,軌道上驅動列車
206,彌爾
207,中央情報局
208,艾瑪·史東
209,數位訊號
210,百濟
211,拉迪奇
212,威尼斯影展
213,海洋氣流影響，加上地理位置上正處在冬季於中國活躍的兩般高壓區之間的真空帶
214,新北市
215,聯盟
216,海上疆界
217,克孜勒
218,三分天災，七分人禍
219,
220,美觀
221,南屯區
222,西部地區
223,1982年
224,1449年
225,花剌子模，可汗是對總督的敬稱
226,
227,孫中山
228,發明家
229,2006年
230,爆炸地點
231,《人體器官移植條例》
232,1262年
233,澎湖
234,三倍
235,0.4太陽質量
236,颱風
237,2014年
238,1968年
239,世界第六
240,
241,鋁土礦
242,城市美化運動
243,阿美族
244,黑死病
245,2007年
246,赫爾伯特·查普曼
247,同性戀
248,2001年
249,張伯倫
250,溥[UNK]
251,副主席
252,決勝局必定是單數局
253,廣東省政府委員會
254,遊戲
255,1951年
256,漢語拼音方案
257,1984年
258,天橋
259,布倫瑞克造型藝術學院
260,法蘭西第二帝國
261,商業及人均[UNK]都不如東南亞的大城市，所以此時南洋的福建人平均的投資在上海
262,全勝紀錄
263,利用小型雷達測距儀
264,哥白尼日心說
265,濃度低時帶惡臭，氣味如臭蛋；濃度高時反而沒有氣味，因為高濃度的硫化氫可以麻痺嗅覺神經
266,袁世凱
267,明朝
268,1848年
269,1954年
270,1998年
271,韓國的政壇
272,《南華早報》
273,臭蛋
274,佛像
275,阿聯
276,交通基建
277,
278,母田川氏
279,天狼星在東方地平線
280,鳥類
281,1985年間
282,德語地區
283,女神大橋
284,1237年
285,商業和手工業
286,晉恭帝
287,荷蘭
288,美國律師協會
289,1654年
290,清代
291,美川王
292,胡安·林茲
293,日本
294,二戰後的移民潮令多倫多的市郊衛星城鎮迅速增長，而為了更有效管理和協調土地和其他資源的分配，多倫多市和十二個周邊城鎮於1954年
295,徑向速度是接近或遠離太陽，和橫越天空的角動量
296,司馬休之
297,鈣離子
298,383年
299,羅納爾迪尼奧
300,慕容垂
301,火山活動
302,利奧三世
303,拉丁字母取代西里爾字母
304,[UNK]-1注入裝置與美國在汽缸投注水冷卻等。剛剛進入噴射時代，蘇聯與美國都曾經進行於渦輪段前方再度注入燃料點火
305,丁基羥基甲苯
306,孤軍為求生存，私底下與克倫族和赫蒙族合作，緬甸政府基於主權完整的理由，對李彌殘部進行軍事圍剿，以致爆發為期一月的中緬大戰
307,斯德哥爾摩
308,第三紀中新世
309,中華民國
310,高麗時期
311,靳雲鵬
312,1958年
313,
314,1083種
315,曹魏故都智慧之旅
316,威廉港
317,
318,金本位制度
319,邊沁
320,紅色
321,1928年
322,期貨合約
323,十多個
324,300美元
325,
326,發展體育之事
327,世祖
328,混合動力自行車
329,數學
330,亞熱帶季風氣候
331,經濟
332,輔音
333,朱一貴
334,愛爾蘭語
335,
336,銃炮
337,1959年
338,1980年代義大利
339,凱·艾維
340,[UNK]人國；公元前28年，滅北沃沮。大武神王時代殺東扶餘王帶素。有觀點認為高句麗一名，來自沸流國的高夷
341,1980年
342,希伯來文
343,第四心音
344,2010年
345,武漢
346,
347,托土拉島
348,英國
349,倫敦大學學院與倫敦帝國學院合併的草議曝光，此提議因事前沒有進行足夠的諮詢而惹來廣泛的批評，倫大學院的教務長德里克·羅勃茲
350,1970年，登山用途的腳踏車出現﹐腳踏車的另外一項劃時代發明變速器因此被創造出來。1970年代中期
351,高峰岡仁波齊峰
352,1972年5月，周恩來被查明罹患膀胱癌，其仍然帶病工作，1973年
353,突厥語民族
354,三菱重工業長崎造船廠
355,「南斯拉夫社會主義聯邦共和國
356,民主制度
357,硫礦
358,丹尼索瓦人混血
359,帝國統治權
360,中國
361,2000年
362,骨質外殼包著的管狀結構，捲曲數圈
363,俄國
364,1950年代，首次從蘇聯買來的4艘驅逐艦全部給了後來屬於北海艦隊的青島海軍基地。1954年
365,韓國加大對電信領域的投資，使韓國電話線路達到754萬條，用戶達652萬，每100人擁有電話的數量增加到16部。使用電磁或電子交換系統的自動電話占到總電話線路的96.6%。為紀念1885至1985年韓國電信事業100周年，韓國在1985年建成全國公用數據電信網路。1986年，韓國
366,
367,1956年
368,史都華
369,1910年
370,突厥
371,遂決心
372,1973年
373,1928年
374,非暴力
375,巴爾
376,彰化交流道
377,社團博覽會
378,他早年違反了一次
379,電子郵件
380,孔子
381,大連路
382,2005年
383,灰色地帶
384,烏爾班八世
385,50和60年代
386,雙循環泵
387,1809年
388,自由貿易理論
389,民國31年
390,迅速取得西線勝利
391,
392,伯克制
393,爭取速度上的優勢。這些戰鬥機是最初使用噴射發動機為動力，擺脫螺旋槳在接近音速時的上限
394,
395,羅伯特·赫爾曼
396,興大也在中部科學園區設立研發創業育成中心，積極協助科技產業發展同時也與廠商合作開設相關學程，培養學生理論與實務的結合。中部科學園區有中興，中興有中部科學園區
397,宣統三年九月十九日
398,1991年
399,文學體裁
400,第二次工業革命
401,突厥語
402,拉海納則是島上的主要商業中心，市區有一條滿布商店和餐廳的大街直通碼頭
403,約翰·坎貝爾
404,8小時
405,樂壇女王
406,民國16年
407,國立廣東大學
408,亞伯拉罕諸教
409,六億七千多萬
410,妖怪
411,專家
412,低地蘇格蘭語
413,酸鹼值
414,非常混亂
415,阿爾泰語系
416,清太宗
417,信陽市
418,5000
419,美國空軍准將
420,
421,科技
422,
423,鮑德溫伯爵
424,計劃委員會
425,4000平方米
426,蘇丹南部
427,校尉
428,左右
429,1994年12月1日
430,太陽為主的研究機構轉為研究恆星
431,那拉氏
432,辛酉政變
433,銅的礦物
434,統一企業
435,2013年1月1日
436,細胞培養中。原理
437,陳誠
438,孫中山
439,單獨媾和
440,德國工業
441,九一八事變
442,1978年
443,天皇
444,731美元
445,蒙德維爾
446,嘉義市
447,
448,
449,五角星
450,波斯薩珊王朝
451,航海工業和航海貿易中心
452,埃姆斯蘭高速公路
453,匿蹤性能較佳
454,
455,1919年－1939年
456,第一個圖像：一條簡單的直線
457,人民路
458,盟旗制
459,臺南州
460,母布朗茜
461,大陸內陸區
462,一次大戰期間
463,雙打比賽
464,中華人民共和國
465,保守派
466,昇陽電腦公司
467,全唐詩
468,1911年
469,1982年
470,七年
471,荷蘭共和國
472,海因里希·赫茲
473,梁朝偉
474,吳三連
475,1917年
476,米勒
477,1月8日
478,掃雷艇
479,海都聯軍被海山和晉王甘麻剌擊潰
480,赦免權
481,民國2年
482,1952年
483,
484,東晉時期
485,線傳飛控
486,開城工業園區
487,烏孜別克人
488,2555公里
489,國共內戰，又稱國共戰爭
490,[UNK][UNK]攻打玄菟郡華麗城
491,茲維亞德·加姆薩胡爾季阿
492,路面電車
493,魚雷攻擊
494,荀子
495,清朝
496,1935年
497,雙北市聯營公車價差補貼款
498,可以有多部電腦介入飛控系統操作
499,中國政法大學
500,瓜拿納
501,中華民國空軍
502,水冰
503,江戶時代
504,民國4年12月25日
505,馬麗娜·甘巴
506,1992年
507,
508,呂訥堡石楠草原南部的貝爾根
509,太白
510,燕王朱棣
511,
512,低稅賦
513,小選舉區制
514,科索沃
515,抗議活動
516,自由放任
517,綠色工業
518,四年
519,段祺瑞
520,喬治麥高文
521,中永和
522,1925年
523,頻率逐漸降低
524,向海的方向則有戰後1950年代
525,
526,小型雷達測距儀追蹤目標的距離
527,2002年
528,氫硫酸
529,海外進行軍事冒險
530,學習維基媒體的頁面編輯工具被認為有挑戰性
531,黨費
532,生殖器官
533,經濟建設
534,《中華民國臨時約法》
535,鮮蝦腸粉、牛肉腸粉和叉燒腸粉為主。香港傳統粥店則會提供炸兩滑腸粉，是在腸粉內包上油條
536,
537,帕吉勒提河
538,西南美麗的地方
539,天」的至高無上
540,開羅
541,1932年
542,林紹良
543,1955年
544,多倫多運輸局在多市範圍內提供公共運輸服務，是北美洲繼紐約市
545,前一世紀
546,柵欄
547,1898年
548,法國民意
549,查爾斯
550,藥葛羅
551,健康寫實
552,1956年7月
553,亮度是−14.2等，至少比太陽亮約5000000倍
554,中生代
555,伊爾庫茨克國立大學
556,鐵木真
557,23406人
558,1789年
559,第一大宗教
560,杭州
561,日占時期
562,張冠李戴地
563,馬[UNK]
564,總兵官
565,《金驢記》
566,黑龍江省十字加環線
567,漢風魏韻
568,
569,反文化運動
570,英國
571,唐文宗
572,轟炸機
573,夜間攔截任務
574,義大利
575,中世紀的漢撒同盟時代
576,大腦聽皮層
577,刺史
578,
579,元二十九年
580,保守派
581,西伯利亞南部
582,陶瓷
583,1980年代
584,
585,西佛羅里達
586,1918年
587,威尼斯人馬可·波羅
588,9年
589,聖母大學
590,1941年2月1日
591,101公里
592,國務院常務會議
593,20倍
594,
595,1943年
596,全面性
597,阿普伽新生兒評分的五項參數評估：心跳頻率，呼吸，肌肉張力，皮膚顏色，以及對刺激的回應。某些文化中，父親會割臍帶
598,聯邦政府之權力
599,韓國
600,恐怖份子刺殺
601,土耳其人的象徵
602,瀕危物種
603,海軍陸戰隊
604,公民權
605,可再生能源發電
606,極端大陸性氣候
607,金華
608,1928年
609,法國電信
610,霍布斯
611,1897年
612,
613,南漢宸為主任的中國人民銀行籌備處
614,市場分析
615,滬寧鐵路上海站
616,2001年
617,家庭喜劇片
618,保障子女利益
619,女性解放
620,反對建文帝削藩
621,
622,史彌遠
623,社會民主黨，9位來自自由民主黨
624,傳播色情
625,電穿孔細胞
626,哈大客運專線
627,第五區
628,英王衛士
629,1984年
630,漢武帝
631,以東地區
632,恰克圖
633,巴黎聖母院
634,西方文明
635,東晉常[UNK]
636,1936年
637,預言
638,商用
639,五桂山
640,竹[UNK]魚、真鯛
641,嘉義市
642,43.2%領先製造業
643,29個
644,27年改為15個視察區。民國29年
645,10月23日
646,人傳》
647,音節
648,第二次世界大戰
649,5000噸級
650,君士坦丁堡
651,2015年年底前
652,古漢語
653,22年
654,阿列克修斯三世的女婿阿列克修斯·杜卡斯
655,瓦倫丁尼安三世
656,喜馬拉雅山脈
657,1937年
658,1964年
659,高麗
660,油氣開發
661,
662,
663,阿圖什
664,第一區
665,1925年
666,照射紫外線於電極可以幫助產生更多電花。這就是光電效應
667,九一八事變
668,春秋
669,對大自然的崇拜
670,福建北茭半島
671,1899年
672,
673,尼布楚條約
674,中央窩
675,利奧三世
676,殖民主義
677,代達爾豪斯侯爵詹姆斯·布朗-拉姆齊
678,19.8米
679,2000公厘
680,自主性
681,喬治麥克萊倫
682,赤城鎮政府街1號
683,纖維心包
684,羅非魚
685,潘普洛納
686,質好
687,1851年
688,《臺灣府志》
689,杜林
690,第265任
691,6比6
692,民國39年
693,河南省郵電印刷廠
694,法國
695,
696,全斗煥
697,2007年
698,特洛依
699,司法結構，其中多半以此前的索馬利亞政府司法系統
700,第四世紀末
701,軍隊編制問題
702,閩粵居民
703,韓國
704,1980年代
705,梁朝偉
706,1923年
707,畢達哥拉斯
708,2009年
709,湘西土家族苗族自治州
710,許貢
711,中果咖啡低
712,北魏孝文帝
713,李定國
714,22條
715,公共健康
716,《新基本法令》
717,1962年
718,洪武三十一年
719,共產黨
720,奧匈帝國
721,
722,白矮星
723,咖啡因
724,司馬元顯
725,階梯狀
726,
727,6個小時
728,1866年，德國傳教士羅存德在香港出版一部兩卷本的《英華字典》，可算是香港最早的雙語字典。羅存德在1848年
729,管治民眾的合法性
730,
731,90年代
732,金日成
733,
734,愛德華·懷克-史密斯
735,西班牙瓦倫西亞，是加里斯都三世
736,1787年
737,朱元璋
738,
739,1898年
740,守舊派
741,蘇聯
742,端敬王后
743,中生代
744,約瑟普•布羅茲•狄托
745,中國共產黨
746,阿拉巴馬州憲法
747,計劃生育，起初受到絕大多數人，包括國際組織的支持；然而在實施過程中出現的強制流產，強制安裝子宮避孕環
748,蘇聯
749,
750,維多利中心
751,25[UNK]35天的週期自轉一圈，在赤道的自轉速度只有1.994公里/秒
752,工藝產品
753,推行反共政策
754,約5～8％
755,日本
756,沖激波觸發
757,鮮卑部落
758,鮑德溫伯爵
759,1918年
760,1939年
761,東三省巡閱使衛隊旅旅長
762,巴黎條約
763,1970年
764,麥迪遜分校
765,不良反應
766,闕毗伽·卡迪爾汗
767,奢侈品
768,設兩個分組賽階段的資格賽賽制
769,周駿龍
770,民國16年
771,13世紀
772,三監之亂
773,劉少奇
774,馬略
775,元十三年
776,妖怪是實存的，也有人認為是人們的錯覺或者是幻覺所導致的誤判，許多考古研究和生物研究的成果，證明了某些妖怪，其實是古代的罕見生物或科學的現象，列如鬼火被認為是不祥之兆
777,70年代
778,圖西族
779,聖餐紀念說
780,印度教
781,《三國史記》
782,木衛三
783,長沙太守
784,
785,1978年
786,上海
787,德國
788,濃硫酸
789,科學革命
790,兄弟國的盟約
791,2011年
792,硫礦
793,1979年
794,義大利南部的一個大區，包含了那不勒斯
795,農業
796,卡拉恰伊湖
797,宋理宗
798,阿拉里克
799,臺北
800,共和黨
801,日本
802,二戰的爆發
803,1976年
804,上海
805,1949年
806,麻省理工學院
807,婚姻制度
808,1920年代
809,俄國訓練部隊
810,1449年
811,1986年
812,隆武帝
813,第一次世界大戰
814,田興水
815,托爾金
816,雙汗制
817,保祿六世
818,恐怖份子刺殺
819,中華全國體育總會
820,外在的因素造成光度的變化，像是食雙星，還有極端的情形是由恆星自轉
821,人文關懷
822,1956年
823,《產假和保護婦女兒童權利法》
824,投資環境轉差，這時的福建人紛紛轉向香港發展，香港民國時代的福建人比例比現在多出很多。因為港島北面有大量的福建人，蔡素玉經常在港島區以福建人
825,中國共產黨解放軍
826,
827,遭受戰禍
828,公元前12世紀
829,廣播電視領域，由廣電總局等單位審查國內的節目，決定每一部影視作品能否在國內公開上演，其審查程序往往是不透明
830,
831,布達佩斯
832,1979年
833,南陳
834,上海遷入蘇區
835,臺北縣改制新北市
836,
837,1941年，萬尼瓦爾·布希獲委任為科研發展部長，負責分配資金給包括麻省理工在內的少數獲選定的大學。大戰期間，全國的科學家與工程學家聚集在1940年
838,妖怪學
839,1987年
840,男性、女性之性別角色差異
841,太行山
842,漢卿
843,張學良
844,陳平順
845,數百萬克耳文
846,羅貝爾
847,
848,1955年與中華人民共和國建交。1956年，狄托與印度總理尼赫魯及埃及總統納瑟三人在布里奧尼島發表聲明，支持不結盟運動，並於1961年
849,35號決議
850,金石並用時代
851,天皇
852,朝鮮白頭山
853,德國人
854,2009年
855,羅馬帝國
856,自身的重力開始塌縮
857,路加是希臘人
858,生物演化
859,1987年
860,韓國
861,王孝通
862,全國大選中保持著對總統和議會位置的控制權，黨派的得票率始終在70%以上。一般認為盧安達愛國陣線屬圖西族
863,布里斯托，成長在畢曉普斯頓區的城市。他的父親，查爾斯•埃卓恩•拉迪斯拉斯•狄拉克，是一個曾在布里斯托教書的法文老師
864,阿瓦魯阿
865,
866,基因特質
867,印地語
868,烏爾班八世
869,乾隆帝
870,撒下稻種後，農人多半會在土上灑一層稻殼灰；現代則多由專門的育苗中心使用育苗箱來使稻苗成長
871,過渡期
872,民國43年
873,地質類學科
874,
875,瓜拿納
876,凱撒，羅馬重新回到唯一的皇帝統治，卻在337年結束統一，內戰在大帝三個兒子之間爆發，帝國也因此三分，直到350年君士坦斯被部下馬格嫩提烏斯
877,2000年6月
878,半日生活圈
879,美西戰爭
880,尊漢思想
881,蒂羅爾
882,伽利略衛星中最靠近木星的一顆衛星，直徑為3642公里，是太陽系第四大衛星
883,平均每2300人
884,民主黨重奪眾議院與共和黨內的保守派反對坎農可議
885,洛邑
886,馬可波羅
887,杜慧度
888,憲政改革
889,英國
890,斯塔福德郡小海伍德村
891,
892,劉少奇
893,1922年
894,大學4年。小學和初中在韓國是免費義務教育
895,人類想像與傳說
896,東德使館
897,冷戰時期
898,1989年
899,0.4太陽質量
900,顯微注射
901,馬可波羅
902,新羅馬
903,上海鐵路局
904,離岸人民幣
905,《倫敦條約》
906,太基大會
907,生育自主權
908,大質量
909,加拿大軍事基地溫尼伯分基地是設立在溫尼伯國際機場的加拿大軍事基地。基地擁有飛行運行支持部門
910,127度45分
911,1950年代
912,文藝復興運動
913,行為不檢點
914,哥德式的天主教堂明洞聖堂、文藝復興式
915,漢高祖
916,1584年
917,1985到1989年
918,埃姆斯蘭到博特羅普
919,柏林國際廣播電台
920,赫羅圖
921,春秋時期
922,成吉思汗
923,布里昂·維伯
924,通俗科幻小說雜誌
925,2000年
926,67個郡
927,1月21日
928,1884年
929,俄國
930,黑龍江工業門類以重工業為主，是中國重要的機械、石油、煤炭、木材和食品工業基地；哈爾濱、齊齊哈爾、大慶是主要的工業中心，大慶油田
931,
932,
933,早期韓國華僑的聚集所在
934,石虎
935,許榮茂
936,李準
937,漢字詞
938,[UNK]稻
939,宋真宗
940,120%
941,約翰·胡佛局長
942,全年
943,伊朗史家烏特比說他們穿黑衣用黑旗。其可汗自稱「桃花石汗」或「東方與秦之主」。「秦」在《突厥語大詞典》中的解釋為「由桃花石、契丹和喀喇汗國所構成
944,唐德剛
945,路易十四
946,韓國。韓國一度被認為可能步上冰島後塵，成為第二個破產的國家。但不到一年，局勢就翻轉，韓國
947,0.07個
948,福建人
949,民國28年
950,李煥之
951,公共汽車
952,核質
953,鴨巴甸
954,東正教
955,八角鼓
956,手邊的戰爭
957,文化大革命
958,1642年
959,徐載弼
960,蒙哥
961,匈奴人
962,芝加哥大學
963,造船業
964,射擊斷續器
965,紐格威森林
966,
967,斐迪南·德·雷賽布
968,屋大維
969,公元96年
970,太極兩儀
971,市場經濟
972,1963年
973,亞歷山大六世
974,1789年
975,周恩來集會
976,20世紀60年代
977,1958年底
978,胡漢分治的制度
979,涵元殿
980,
981,漢文
982,
983,科學社會學
984,1138公頃
985,《中華人民共和國村民委員會組織法》
986,荷蘭
987,
988,《審死官》
989,內陸山區
990,當地印度組織
991,白[UNK]紀
992,模特作為年輕美貌資源特別集中且競爭超級殘酷的行業，常捲入權色交易
993,異端邪說
994,1256年
995,元朝
996,1929年
997,1972年
998,汽船
999,馬麗娜·甘巴
1000,環境保護主義
1001,詹姆士·麥迪遜
1002,1946年
1003,
1004,柏卡牌相機，特拉貝特、瓦爾特堡、德国[UNK]發公司工廠出產的汽車，獵槍，六分儀以及腕錶。直到20世紀60年代，東德仍遭受著糖、咖啡之類的基本食物的短缺
1005,1982年12月8日
1006,
1007,−26.7
1008,
1009,1999年
1010,亞歷山大漢密爾頓
1011,中國
1012,1959年
1013,黨委員長，2016年6月的最高人民會議上獲推舉為國務委員會委員長
1014,紐約尼克
1015,天下郵票
1016,合肥時的校區，常常又稱為老校區。而一街區
1017,100萬到1兆倍之間
1018,後燃器
1019,胡人
1020,9月2日
1021,諸侯封建制度
1022,工程化核酸酶
1023,伊薩克二世
1024,統帥
1025,外部刺激
1026,艾森豪
1027,
1028,武漢行營副主任
1029,躲避戰亂
1030,江東
1031,2.2億韓圓增加到35.3億韓圓，增長近16倍。不僅如此，韓國每年還從世界銀行貸款6000萬美元
1032,馬爾吉特
1033,落實外交政策
1034,1823年
1035,輔音
1036,三人團
1037,舊石器時代
1038,166年
1039,
1040,集團軍
1041,半日制學堂
1042,廣播電視領域，由廣電總局等單位審查國內的節目，決定每一部影視作品能否在國內公開上演，其審查程序往往是不透明
1043,愷撒
1044,韓語
1045,倫敦霍洛威
1046,佛教
1047,烏爾蘇拉
1048,1964年
1049,岡瓦那大陸
1050,維持現狀
1051,挪威
1052,南北戰爭
1053,馬西米連諾一世
1054,紅土坡鎮龍潭山
1055,英國
1056,李紳
1057,路面電車
1058,帝位世襲
1059,1060公釐
1060,1939年
1061,
1062,荊州劉表
1063,慶元
1064,北平綏靖公署主任張學良轉任軍事委員會北平分會副委員長
1065,《民法大全》
1066,石油危機
1067,唐朝
1068,峽灣
1069,1918年
1070,硫代硫酸氨
1071,《金雲翹傳》
1072,89萬人
1073,
1074,1627年
1075,區域性污染
1076,英屬維京群島
1077,唐生智
1078,夏季
1079,臺灣新北地方法院
1080,戴克里先
1081,6世紀
1082,98所，其中國立1所
1083,甘肅省
1084,2分
1085,121所
1086,
1087,一個
1088,破四舊
1089,曾三次
1090,獲得大寧地區的駐牧權
1091,梵語
1092,張學良
1093,爆炸性
1094,邊督辦公署
1095,14世紀－17世紀初之明朝時期
1096,1968年
1097,多功能性
1098,1932年
1099,吉田定房
1100,世稱恭順
1101,氣候分類系統
1102,抗日戰爭
1103,募兵制代替徵兵制。馬略放棄了早就難以為繼的財產資格限制
1104,南越國
1105,汗位取得不合法
1106,
1107,莊士敦道
1108,帕塔普斯科河
1109,1945年
1110,義熙十一年
1111,戰時研發商
1112,芬蘭的赫爾辛基
1113,《男人四十》
1114,羅馬帝國
1115,1846年
1116,日俄戰爭
1117,文淵閣
1118,儒學
1119,德維爾阿杜安
1120,阿拉伯半島
1121,亞歷山大一世
1122,
1123,爵位
1124,天下人
1125,蔣經國
1126,尼古拉斯·尼葛洛龐帝
1127,朱序
1128,石油危機
1129,教育產業化
1130,1992年
1131,康拉德·阿登納
1132,東北亞
1133,聖奧古斯丁
1134,185年
1135,弱勢群體
1136,大正天皇
1137,西區圖書館
1138,北齊
1139,織田信長
1140,黨內分裂
1141,中華人民共和國衛生部
1142,
1143,斯拉夫人
1144,
1145,聯邦制
1146,1799年
1147,波多黎各以東。英屬維京群島與鄰近的美屬維京群島和西班牙
1148,巴伐利亞王國
1149,七月初四
1150,英國
1151,329440元銀元
1152,民國36年
1153,50元
1154,民進黨
1155,2次
1156,秧苗是用秧盤進行育苗。不過，只能適用於水田。由於免去了對土地的整理
1157,南卡羅來納州
1158,周恩來
1159,卡加梅
1160,12個
1161,羅馬化轉寫
1162,15億
1163,財務報表的三個基本報告之一，所表達的是在一固定期間內，一家機構的現金增減變動情形。現金流量表的出現，主要是要反映出資產負債表中各個項目對現金流量的影響
1164,武力
1165,海軍中尉
1166,德川家康
1167,空載雷達
1168,1836年
1169,
1170,新移民
1171,德里克·羅勃茲
1172,伊斯蘭教
1173,
1174,哥廷根亨德爾國際音樂節
1175,滬昆高速公路
1176,13小時
1177,法國
1178,
1179,本頓
1180,通州張家灣
1181,
1182,《血盟救國軍軍歌》
1183,廣州
1184,聽診器
1185,第二次鴉片戰爭
1186,軍事獨裁時代
1187,1970年代浙江河姆渡遺址的七千年前稻穀的出土、1993年
1188,《海峽兩岸服務貿易協議》
1189,中路軍
1190,自由主義
1191,1874年
1192,具備必要條件
1193,卡斯特拉
1194,李克強
1195,河東道
1196,免費網路首頁伺服器
1197,米利都
1198,自然環境
1199,日本留學歸來的金壽根
1200,山西劃為第二戰區，組織成立了第二戰區長官司令部
1201,63個
1202,46公里
1203,公元第二世紀
1204,帕多瓦大學
1205,北宋
1206,
1207,1916年
1208,躲避戰亂
1209,發展局
1210,極端稀薄
1211,
1212,[UNK]州縣實際解散
1213,約瑟普•布羅茲•狄托
1214,地面作戰
1215,美國大學協會
1216,義務教育
1217,郭松齡
1218,回開京
1219,美國大蕭條時期
1220,
1221,伊薩克二世
1222,明文
1223,蔣介石
1224,全印穆斯林聯盟
1225,
1226,喇嘛教
1227,繩文時代
1228,太陽圈
1229,建設中國特色社會主義
1230,劉裕
1231,東正教
1232,君士坦丁堡
1233,佛教
1234,周代
1235,伊斯蘭教
1236,高雄市
1237,鄧小平
1238,南斯拉夫
1239,武陵
1240,殺蟲
1241,大革命
1242,自由韓國黨
1243,行使否決權
1244,二十世紀
1245,積極進攻
1246,加拿大
1247,1898年
1248,義大利汽車之都
1249,
1250,自律心肌細胞
1251,在軌道上驅動列車
1252,聖喬治拉丁文學校
1253,1276年
1254,1948年12月1日
1255,交替稱帝
1256,私兵制度
1257,魏博拉盧比民達行業工會
1258,文章奧府
1259,
1260,尚吉巴
1261,粵
1262,安德魯約翰遜
1263,普林斯頓大學建築系
1264,83年
1265,釣魚台國賓館
1266,伊達政宗
1267,赫羅圖發展出來，推動了恆星在天文物理上的研究。解釋恆星內部和恆星演化的模型被成功的發展出來
1268,民國2年
1269,
1270,潘章
1271,約翰·莫根
1272,高雄
1273,後燃器
1274,日美神奈川條約
1275,北京總部大樓
1276,無晶態
1277,哈利里德
1278,電腦運算
1279,柏拉圖
1280,波蘭
1281,千島湖事件
1282,失敗告終
1283,瑞派克路
1284,《那一夜，我們說相聲》
1285,恰圖蘭卡
1286,1880年
1287,中國
1288,八月
1289,被行為主義拋棄的心理活動與表述
1290,廣府話
1291,
1292,粳稻
1293,克里斯蒂安尼亞
1294,700多個配置設定和超過1800個
1295,國務院常務會議通過中國郵政「政企分開、郵儲分離、完善機制」的體制改革方案：組建新的國家郵政局
1296,金礪
1297,
1298,368011人。索契是蘇聯作家尼古拉·奧斯特洛夫斯基的療養地點
1299,福島縣會津地區
1300,2005年
1301,土地銷售
1302,阿拉曼人
1303,史蒂夫·鮑爾默
1304,腓力五世
1305,牡丹峰樂團
1306,印度
1307,3座
1308,周敦頤
1309,藝術家殖民地
1310,朱利烏斯·凱撒
1311,「豫」
1312,1940年
1313,1133515人
1314,喃字
1315,排灣族部落
1316,牛津大學
1317,普選制度
1318,李承休
1319,同志青少年
1320,1969年
1321,民主黨
1322,水田
1323,分階段
1324,488年
1325,病態賭徒
1326,全國人民代表大會
1327,外太空
1328,
1329,使之自治自決
1330,西班牙
1331,1896年
1332,美國
1333,較便宜的鐵
1334,拿破崙
1335,廣東省
1336,聖母大學
1337,羅馬法
1338,心理學
1339,希臘
1340,拉丁字母
1341,《中俄密約》
1342,吉米·史都華
1343,聯邦成員組成，各成員單位先於聯邦國家
1344,24英吋克拉克望遠鏡
1345,生物質
1346,秘書處
1347,空氣汙染
1348,550餘種
1349,類比訊號是指在時域上數學形式為連續函式的訊號。與類比訊號對應的是數位訊號
1350,回族
1351,視桿細胞
1352,人口眾多
1353,威廉二世
1354,遵義會議
1355,《我於青春無悔》
1356,君士坦丁大帝
1357,國際網球總會
1358,10月9日
1359,阿爾法
1360,李景隆
1361,外交手段
1362,1887年
1363,2008年
1364,畢達哥拉斯
1365,2002年
1366,1918年
1367,對刺激
1368,魯宗
1369,明朝擊退
1370,《朝鮮王朝實錄》
1371,2012年
1372,生物動力學
1373,印度洋暖濕氣流
1374,太白山脈
1375,廓索維茨
1376,音速時的上限
1377,
1378,
1379,一萬兌一
1380,25個
1381,整軍協定
1382,1980年
1383,1985年
1384,4世紀
1385,方濟各·沙勿略
1386,公元前三世紀
1387,九龍灣站
1388,1980年代
1389,1997年
1390,默頓學院
1391,庭園營造大師，曾設計明治神宮內外苑。張學良
1392,越南
1393,1914年
1394,廣島和平研究所
1395,2300多種
1396,種植植物所製造的生質燃料
1397,女性
1398,40倍
1399,1955年
1400,白色不透明
1401,1857年
1402,司馬遷
1403,反革命事件
1404,王光美
1405,理察·科伯恩·麥克勞林
1406,東德
1407,1624年
1408,15%
1409,江青
1410,奈及利亞
1411,亞洲
1412,1979年
1413,重力作用可以對它們的演化產生重大的影響。恆星可以構成更巨大的重力束縛結構
1414,
1415,
1416,2013年2月28日
1417,1973年
1418,社會政治政策將矛盾在1857年激化到頂點。這次起義以前，英國殖民當局曾平息了多次騷亂和部落衝突
1419,南開中學
1420,科學家
1421,10萬人
1422,元惠宗
1423,抗佝[UNK]病
1424,南島語系的馬來-玻里尼西亞語族
1425,59.7歲
1426,預算限制
1427,梅里亞姆-韋伯斯特字典》定義，獨裁政體是一種政府形式，由一個單一個人，或一個小群體，集中掌握了絶對的權力
1428,
1429,元代
1430,43人自殺，自殺率為十萬分之三十一
1431,限制性消化
1432,司馬元顯
1433,伸展台模特兒
1434,三層神經細胞
1435,志費尼
1436,中國共產黨
1437,療養地點
1438,1994年12月1日
1439,梅艷芳
1440,錫克教
1441,大中五年唐廷在敦煌設置歸義軍，並任命張議潮為敦煌歸義軍節度使。後梁末帝朱友貞乾化二年
1442,《西部開拓史》
1443,遠古百越族
1444,曼尼托巴省以北極熊出名，邱吉爾
1445,哈利里德
1446,伊斯蘭教
1447,徐樹錚
1448,明太祖
1449,歷史博物館
1450,阿內加達島
1451,低可偵測性又被稱為匿蹤或隱身，這項技術是為了降低飛機被偵測到的機率、距離和避免被持續追蹤的可能。自從雷達於二次世界大戰初期開始運用於對空警戒
1452,外國不可能介入內戰
1453,南朝鮮
1454,古代查莫洛社會
1455,僱傭保險
1456,德日印巴
1457,大學4年。小學和初中在韓國是免費義務教育。韓國在1959年普及小學義務教育，96%的適齡兒童接受義務教育
1458,九龍灣設置總部，包括機電工程署總部大樓
1459,
1460,阿拉伯宗教認為自殺是不光彩的行為；佛教認為，自殺仍是殺生，不能逃脫罪孽和痛苦，而是犯了非常重的殺戒，是大罪，會墮落地獄
1461,陳朝
1462,11000間
1463,有色人種
1464,
1465,漢諾威
1466,中央電視台高清綜合頻道
1467,石亭之戰
1468,《中蘇解決懸案大綱協定》
1469,史學
1470,心室底壁組織
1471,1662年
1472,1888年
1473,第二產業
1474,荷蘭，北面與丹麥
1475,杜登
1476,表面積
1477,社會主義市場經濟
1478,
1479,托列斯海峽
1480,正德十一年
1481,
1482,加拿大
1483,喜馬拉雅山
1484,通過與國大黨的合作要求英國廢止劃分孟加拉
1485,北上討伐侵擾中國東北邊境的沙俄軍隊
1486,200萬立方公尺
1487,黑龍江
1488,1992年
1489,北角
1490,新界原居民的權益
1491,蔣中正
1492,大和國
1493,印度教
1494,頻率理論難以解釋人而對聲音頻率
1495,有性生殖
1496,魔鬼總動員
1497,法國
1498,第十五屆奧運會
1499,鬍鬚狀
1500,阿拉巴馬州
1501,鋤草祭
1502,[UNK]-15戰鬥機
1503,2013年
1504,老北站
1505,1980年
1506,1958年
1507,納戈爾諾卡拉巴赫
1508,
1509,路易斯一世
1510,《時代》雜誌
1511,馬克思主義
1512,斯特-立陶夫斯克條約》
1513,園林家安德烈·勒諾特爾和建築家路易·勒沃
1514,布列塔尼半島
1515,維持超音速巡航
1516,曼諾球場
1517,東吳
1518,海煤
1519,自體授粉
1520,民國二十九年
1521,想取快錢
1522,徐家匯
1523,蓋茲
1524,忽必烈
1525,華人
1526,東歐劇變，南斯拉夫各民族之間的矛盾逐漸激化。民族間的不和及分裂，伴隨著暴力的排斥其他民族的行為逐漸升級
1527,《塘沽協定》
1528,烏蘭烏德
1529,1897年
1530,巴拉克·歐巴馬
1531,下薩克森邦邦議會
1532,當代生活的研究與消費者的需求
1533,新增決策局為發展局
1534,杭州[UNK]橋機場
1535,阿拉里克
1536,軍事失利
1537,總督
1538,興王
1539,衛奕信
1540,球面幾何學
1541,2009年
1542,全國重點文物保護
1543,忽必烈
1544,
1545,
1546,惠金斯原理
1547,松花江
1548,波士頓理工
1549,參議院。美國各州在眾議院中擁有的席位比例以人口為基準，但至少會有一名議員。院內議員總數經法律明定為435名。眾議員
1550,2010年
1551,耶律楚材
1552,喬托號
1553,最高人民法院
1554,烏里雅蘇臺將軍
1555,拿破崙
1556,日治時期
1557,蔡[UNK]、唐繼堯率新軍發動重九起義，脫離清朝。民國4年12月25日，蔡[UNK]、唐繼堯又在此發動反對袁世凱
1558,德國
1559,《刑部大理寺狀》
1560,澳大利亞新南威爾斯州
1561,年齡
1562,聖方濟·沙勿略
1563,羅馬共和國時期
1564,細毛
1565,韓國
1566,
1567,薩伊
1568,最後一次
1569,維多利亞和阿爾伯特博物館
1570,張三祿
1571,15世紀
1572,《風雲人物》
1573,劉表
1574,高血壓
1575,姚懿
1576,《中華人民共和國全民所有制工業企業法》
1577,
1578,城市物質形態
1579,環境保護主義
1580,773年
1581,懷柔區
1582,七間，左右延樓19間
1583,民間反應不佳
1584,光緒十年
1585,1970年代
1586,希臘語
1587,西班牙
1588,肌源性
1589,加拿大
1590,七個
1591,安定
1592,機器發售
1593,乾旱
1594,《內戰記》
1595,台北都會區
1596,甲午戰爭
1597,中立的米倫科·韋斯尼奇
1598,1910年
1599,西里爾字母
1600,1935年
1601,《英華字典》
1602,8.6%
1603,浙江海商
1604,巴西
1605,歐洲聯盟委員會
1606,圜丘壇
1607,法國
1608,蘇聯
1609,先發制人
1610,落葉松
1611,消化性潰瘍
1612,國民政府
1613,
1614,青光眼
1615,狄托
1616,學權部
1617,2002年
1618,
1619,5位
1620,芽孢炭疽桿菌
1621,1945年
1622,金代
1623,米高梅
1624,
1625,撫順
1626,英國
1627,耶穌會
1628,19至20世紀之交，一戰前夕，郵票應用達到高峰。由於鐵路的迅速發展，郵件成為了最重要的通訊手段。郵票印刷數量
1629,鐵鉉
1630,威爾特·張伯倫
1631,《義勇軍進行曲》是中華人民共和國的國歌。1935年，該曲由田漢作詞、聶耳作曲。實際上，聶耳
1632,棉花
1633,卡洛·埃馬努埃萊一世
1634,唐文宗
1635,清初犯人流放之地
1636,漢人不斷侵佔平埔族土地，迫使平埔族漢化
1637,重力收縮，重力收縮的期間至少要經歷一千萬至一千五百萬年
1638,東西伯利亞
1639,巴黎保衛戰
1640,
1641,儒教興盛
1642,
1643,克里斯蒂安尼亞
1644,無限制潛艇戰
1645,哈大客運專線
1646,山茶
1647,1937年
1648,普奧戰爭
1649,奧東·德拉羅什
1650,約翰·莫根
1651,耐腐蝕性
1652,同治初年
1653,咖啡因
1654,蔣的「革命外交
1655,1972年
1656,怯薛
1657,汪精衛
1658,體育部
1659,斜棱晶體
1660,直系
1661,水牛城勇士
1662,孫中山
1663,北平後
1664,賽丁泉天文台
1665,殖民政策
1666,
1667,行使否決權
1668,16世紀
1669,大陸性氣候帶
1670,染色體倍數減半
1671,胡安娜
1672,邱行湘，現代書畫家、美術教育家姜丹書，孫文的秘書狄侃，民國作家王平陵，民革的中央常委許聞天
1673,佩德納萊斯河，德克薩斯州石牆郡
1674,皖系軍閥
1675,楚州人
1676,1888年
1677,1967年
1678,奧古斯都
1679,哲布尊丹巴
1680,孟懷玉
1681,
1682,1860年，林肯當選總統，而林肯在政綱中提及的保護關稅及《宅地法》大大削弱了南方奴隸主的利益。這使南卡羅來納州在1861年
1683,閏3月3日
1684,文字
1685,安托萬·拉瓦錫
1686,伊斯蘭教
1687,壓力梯度產生向外的壓力
1688,武則天
1689,
1690,
1691,盧安達法郎
1692,[UNK]公山成立，同時成立以皖南獨立團為基幹的皖浙贛獨立團
1693,德川家康
1694,經濟蕭條
1695,世族
1696,1853年
1697,新加坡
1698,民國34年
1699,1270年
1700,動力系統
1701,北源沮水
1702,孫中山
1703,俄羅斯
1704,司馬遷
1705,
1706,1996年
1707,21473平方公里
1708,當傳教士
1709,颶風
1710,世界氣象組織
1711,貴霜帝國
1712,海河流域
1713,旭烈兀
1714,700家
1715,第九屆中國溧陽茶葉節
1716,全市綠化比例高
1717,收到十二道金牌班師回朝
1718,澳大利亞
1719,大汗
1720,5月20日
1721,6730年
1722,2010年
1723,青島海軍基地
1724,玉門關
1725,[UNK]各公司統一使用的名稱
1726,張作霖
1727,團結工會領導的大規模政治鬥爭
1728,西方遊客需支付5西德馬克的簽證費用，而西柏林居民則是免費的。然而東德政府可以毫無理由地拒絕任何入境申請。在1980年代，西柏林遊客
1729,視網膜神經節細胞
1730,黎元洪
1731,于鳳
1732,中華民國台灣
1733,第二次世界大戰
1734,1964年
1735,白光
1736,鄧演達
1737,1966年
1738,奈特·麥克米蘭
1739,無佛像時代
1740,1977年
1741,白色
1742,自由聯合關係
1743,東區
1744,英國
1745,暫住證制度
1746,《劃一現行各道地方行政官廳組織令》
1747,高朱蒙
1748,5月23日
1749,蒸汽膨脹
1750,隋[UNK]帝
1751,副熱帶季風氣候區
1752,日本
1753,美國心臟學會
1754,大英帝國
1755,《八篇書》
1756,英法
1757,阿爾薩斯-洛林
1758,路易十四在腓力五世即位後的行為加劇了英格蘭王國、荷蘭共和國和奧地利方面的恐懼。首先，路易十四
1759,合作派
1760,心理疾病
1761,
1762,1個
1763,1990年代
1764,伊利克汗朝
1765,24%
1766,高麗國
1767,後現代主義設計
1768,1807年於英國啟用，是以馬匹拉動的，稱為公共馬車。隨後於19世紀上半葉出現在美國。1828年
1769,布里昂·維伯
1770,學生代表大會
1771,西安招待所
1772,前12年
1773,湯瑪斯傑佛遜
1774,婚喪喜慶
1775,郵值標籤
1776,席哈克略皇帝
1777,1989年
1778,拉丁語
1779,農耕節
1780,俄國革命
1781,
1782,李[UNK]
1783,俱樂部
1784,資本主義
1785,
1786,愷撒
1787,10的−14次方太陽質量
1788,湖熟
1789,英國
1790,木衛一
1791,阿茲海默病
1792,1993年
1793,外蒙古
1794,張聞天
1795,烏托邦
1796,荀子
1797,五個省
1798,通古斯地區過於偏遠
1799,安大略湖
1800,肉食
1801,朝鮮王朝
1802,劉義宣
1803,將部分河水導入恆河運河
1804,雙重匯率制度
1805,林奈
1806,
1807,所有制社會主義改造得以完成
1808,十六歲
1809,法國
1810,1928年
1811,5個
1812,[UNK]時的黑體輻射
1813,曼哈頓
1814,清咸豐年間
1815,法烏斯塔
1816,
1817,關東
1818,甲醇
1819,太祖王
1820,牛隻列印問題
1821,塔蘭托戰役
1822,
1823,中國地質大學，簡稱地大，是一所中華人民共和國
1824,1591年
1825,1941年
1826,
1827,蒸汽膨脹
1828,十月革命
1829,薩哈林州
1830,1958年
1831,超過三百萬
1832,1943年
1833,多倫多市
1834,
1835,膨脹
1836,愛倫·坡
1837,黃色的晶體
1838,資產負債表
1839,德川家康
1840,日本
1841,5000000倍
1842,新北市自升格直轄市
1843,朝鮮
1844,1789年
1845,漢諾瓦
1846,泰勒斯
1847,32.8%
1848,
1849,鮑羅廷
1850,杜林
1851,熱帶草原生態系統
1852,13倍
1853,黃埔軍校正式成立，陳誠因征戰驍勇
1854,《三國演義》和《水滸傳》最有名，與明代的《西遊記》、《紅樓夢》
1855,1932年
1856,後現代
1857,雲南
1858,20世紀初
1859,
1860,儒字
1861,曼努埃爾一世
1862,剛果民主共和國
1863,俄國
1864,成熟階段
1865,閉門思過
1866,吠陀梵語
1867,1950年代
1868,羅伯特·波義耳
1869,湯·韋迪加
1870,托木斯克州
1871,丹都洛
1872,軍用航太；執行科學研究、經濟開發、工業生產
1873,706萬
1874,一妻多妾制婚姻
1875,伊莉莎白
1876,義大利
1877,2000年
1878,1932年
1879,不離不棄、堅貞不渝的愛情故事
1880,路易-菲利普
1881,阿布巴卡爾
1882,相聲
1883,《古魯·格蘭特·薩希卜》
1884,1865年
1885,
1886,1924年
1887,德國財政局
1888,2000公斤
1889,楊宇霆
1890,法國
1891,詹姆斯·梅特蘭·史都華
1892,周恩來
1893,金礪
1894,環境污染
1895,板橋藍綠
1896,國務會議
1897,洛厄爾天文台
1898,加拿大式雙打
1899,三名
1900,關原之戰
1901,金門
1902,電氣化鐵路
1903,《資治通鑑》
1904,2007年
1905,中華民國實業部
1906,1973年
1907,
1908,大學生的城市
1909,約翰·洛克菲勒
1910,1971年
1911,1596年
1912,埃德溫·哈勃
1913,胡季[UNK]
1914,海膽卵細胞受精作用
1915,議會制
1916,
1917,東西伯利亞喇嘛教則例
1918,莫斯科
1919,五分之一
1920,《德意志語言正字大詞典》
1921,網易公司
1922,克倫威爾路
1923,經典災難片
1924,日本
1925,美國硫酸是所有生產得最多的化合物
1926,經濟和軍事上都不斷膨脹且親法的俄羅斯帝國
1927,水門事件
1928,中山港大橋
1929,閻錫山
1930,1997年
1931,托爾金
1932,龍興之地
1933,開放市場的需要
1934,
1935,1920年
1936,3.8%
1937,下薩克森邦
1938,艾森豪
1939,3400萬
1940,擊球方法
1941,帕西瓦爾·洛厄爾
1942,二二八事件
1943,紅色
1944,澎湖
1945,亞硫酸
1946,儒學
1947,1998年
1948,川湘公路
1949,
1950,1949年
1951,通過埃歐附近的第一艘太空飛行器
1952,維基媒體
1953,二氧化碳至大氣中
1954,1939年
1955,清朝末年
1956,城堡
1957,哲學原理
1958,2001年8月15日
1959,第六次全國人口普查
1960,加勒比海
1961,1455年
1962,鄧穎超
1963,
1964,
1965,謝貴
1966,法國
1967,鄂圖曼土耳其帝國
1968,恢復市場的功能
1969,北非的希波大會
1970,中華民國政府
1971,2006年
1972,淋巴液
1973,
1974,1901年
1975,十八歲
1976,巧克力
1977,端午節
1978,阿布海兒汗時代
1979,音速巡航
1980,1312年
1981,1970年
1982,30℃
1983,以色列
1984,同性婚姻儀式發生在羅馬帝國的早期，並通常被用以批評或諷刺的方式被引用。當時的皇帝埃拉伽巴路斯
1985,地大
1986,對日抗戰
1987,1989年
1988,元武宗
1989,天文學家
1990,開國大典
1991,中國
1992,最高人民法院
1993,
1994,台北南港軟體園區
1995,台北市立體育場
1996,朱友貞
1997,1945年3月
1998,1928年
1999,收容遣送制度
2000,中國國民黨
2001,《一種美味》
2002,狄拉克
2003,金黃飽滿
2004,滿蒙獨立運動
2005,
2006,中國青年黨
2007,吸熱過程
2008,劉少奇
2009,2002年瑞士洛桑國際管理學院
2010,1950-1980
2011,著陸
2012,人權狀況
2013,丹尼爾奧爾特加左派社會主義政府。民主黨沒能阻止雷根
2014,幾何學
2015,1967年
2016,《風之國度》
2017,拜占庭
2018,噶爾丹
2019,首席的元老
2020,11世紀
2021,阿普列尤斯
2022,猶太人
2023,光度
2024,
2025,省政府
2026,1610年
2027,荷蘭
2028,
2029,同治初年
2030,六四天安門事件
2031,地面基站
2032,通俗的
2033,每秒30轉
2034,伯利恆修道院
2035,1948年
2036,1987年
2037,洪堡
2038,1847年
2039,唐玄宗
2040,1968年
2041,不動產
2042,英文縮寫首字母為「[UNK]·ㄎㄟ·ㄨㄞ
2043,林肯總統
2044,自行車運動
2045,異族統治的考量
2046,堪薩斯城
2047,黃埔軍校教練部副主任鄧演達、學生隊副總隊長
2048,1599年
2049,3期
2050,赤[UNK]角
2051,共產主義
2052,段祺瑞
2053,普魯士
2054,高句麗
2055,雅爾達協定》
2056,宋之繩、任蘭枝，探花有陳名夏、黃夢麟
2057,學權部
2058,林肯
2059,
2060,
2061,
2062,500毫升
2063,古代
2064,民國元年
2065,忽必烈
2066,正德十一年
2067,橫紋肌
2068,以色列
2069,
2070,毛澤東
2071,
2072,西田幾多郎和田辺元
2073,莫高窟
2074,電穿孔細胞
2075,屍體長期不腐爛
2076,13次
2077,1924年
2078,梁啟超
2079,期貨合約
2080,洋馬兒
2081,擊退蠻族
2082,米高梅
2083,彌次郎
2084,男少
2085,坡度較高
2086,公共健康法》
2087,傑米尼安諾·蒙塔納利
2088,鳳凰衛視
2089,亞里斯多德
2090,宗教法
2091,美國艦隊決戰的主力是戰艦，山本認為其在海戰的主力地位已成過去，早在1927年他擔任赤城號艦長時就有對空中武力
2092,納瓦拉
2093,阿爾卑斯山
2094,黃埔軍校正式成立，陳誠因征戰驍勇，被孫中山點名送進這所軍校進行重點培養。陳誠經黃埔軍校教練部副主任鄧演達、學生隊副總隊長
2095,
2096,何鳳山
2097,赫羅圖
2098,1995年
2099,紅矮星
2100,
2101,黑森邦
2102,19世紀
2103,草本
2104,涵元殿
2105,奧斯卡·赫特維希
2106,1971年
2107,
2108,段祺瑞
2109,增強孩子免疫
2110,民國18年
2111,
2112,1913年
2113,法國東部
2114,灣仔
2115,拉丁語
2116,南亞與東南亞。從報告中，約莫四分之一的人口是從它的近鄰伊朗所遷入的。約85%的外籍人士為亞洲人，主要族群包括印度人
2117,畢達哥拉斯
2118,愛格思海金斯公司
2119,世界的中心
2120,第53，資產150億美元
2121,工業革命
2122,耶穌會士南格祿、李秀芳與艾方濟
2123,一次世界大戰時期
2124,安眠藥
2125,史坦波中心
2126,《科學怪人》
2127,林登·貝恩斯·詹森
2128,美國的[UNK]-16
2129,泰國
2130,布政司署
2131,江蘇淮安
2132,朱齡石
2133,中共中央副主席
2134,毒氣
2135,細胞膜
2136,普洱專區
2137,僱傭保險
2138,英國倫敦溫布頓
2139,《皇明祖訓》
2140,1529年
2141,佐世保最大的造船企業。大島造船
2142,申城
2143,德川家
2144,泉水
2145,岩石圈
2146,日治時期
2147,聯邦儲備系統
2148,1925年
2149,1926年
2150,德國
2151,亞熱帶地區
2152,1975年
2153,日本
2154,《戡亂建國教育實施綱要
2155,朝鮮半島分裂前的官方語言
2156,卡拉恰伊湖被世界觀察研究所定為地球上「污染之最」，在二十世紀五十到六十年代成為蘇聯垃圾場。第二個地點為俄羅斯車里雅賓斯克
2157,王藍
2158,胡錦濤
2159,東晉元帝
2160,大氣層
2161,漢字
2162,絲綢之路
2163,5642米
2164,殺蟲劑
2165,緬甸
2166,共和黨
2167,通惠河建成後，京杭大運河全線貫通，從江南杭州來的大批漕船可直達大都城內的積水潭。積水潭
2168,約翰一世去世，羅曼努斯二世的兒子巴西爾二世和君士坦丁八世
2169,南奧塞提亞自治區
2170,浮動匯率制度
2171,農業
2172,秋天
2173,黑龍江
2174,永興
2175,
2176,英國
2177,土地改革
2178,杜慧度
2179,艾瑪·史東
2180,在自己的占領區內建設面積足夠大的邦，當時的英國占領當局在1946年11月8日建立了以漢諾瓦
2181,聯邦在內戰中取勝
2182,玉泉北路
2183,1789年
2184,280天
2185,旅遊業
2186,柏拉圖
2187,北京地質學院
2188,2007年
2189,國家歷史文化名城
2190,
2191,一省
2192,阿勒格嫩達河、道里根加河
2193,高昂的嫁妝
2194,孫中山
2195,最佳演唱團體獎」
2196,胡氏
2197,防火能力
2198,精神醫學
2199,機炮
2200,魏源所著聖武記記載：清太祖遣兵四百收瀕海散各部，其島居負險者[UNK]小舟二百往取，庫頁內附，歲貢貂皮，設姓長、鄉長子弟以統之。清朝建立後，庫頁島先被劃歸寧古塔副都統
2201,德國柏林影展
2202,無性分裂之前複製其基因，然後分裂
2203,第四心音
2204,李白
2205,世襲制度
2206,韓國海關
2207,奧地利
2208,2009年
2209,牛胃氣膨脹
2210,北源沮水
2211,吠陀梵語
2212,東晉之前的早期漢傳佛教佛經譯籍將「真如」漢譯為「本無」，學者一般認為這是受道家老子思想的用詞影響
2213,平面模特兒
2214,俱樂部
2215,雷達
2216,1971年
2217,王田交流道
2218,中小型企業
2219,東芝
2220,新北市
2221,川本芳昭
2222,伊斯蘭教
2223,煮熟
2224,農業省敘利亞後，拜占庭帝國加大了在巴爾幹和小亞細亞的農墾力度
2225,
2226,2002年
2227,620年
2228,民國2年2月25日
2229,
2230,反共文學作家有王藍、姜貴和司馬中原。同時，西方現代文學也是當時臺灣文壇重要力量，以白先勇、王文興為其代表，而現代主義
2231,天主教
2232,美利堅聯盟國
2233,克勞狄二世
2234,
2235,1858年
2236,馬佛奧·巴貝日尼
2237,心室底壁組織
2238,菲律賓
2239,湯瑪斯·勃蘭契特·瑞德
2240,周恩來聯手，在毛澤東
2241,運動能力，速度以及火力
2242,[UNK]-51戰鬥機
2243,繩文時代
2244,民國27年
2245,象聲
2246,1897年
2247,李察·賓特利
2248,印尼
2249,清初
2250,荊州
2251,爾法學院
2252,28個
2253,克里米亞戰爭
2254,國防部空軍司令部
2255,北京
2256,1945年
2257,鄭成功
2258,恭順
2259,1972年
2260,2013年
2261,史達林
2262,佳木斯
2263,1918年
2264,1.994公里/秒。恆星的磁場
2265,非金屬類材料
2266,阿拉貢王國
2267,聯合國人權委員會
2268,庫里爾台大會
2269,電漿態的氫
2270,阿普伽
2271,賓夕法尼亞州大學
2272,二氧化碳
2273,穀類作物
2274,毛奇
2275,[UNK]染色體
2276,後代
2277,熱帶雨林氣候
2278,王白駒
2279,周瑜
2280,第一心音和第二心音，當我們用一般的聽診器聽診，就會聽到的聲音，就是第一心音，就是第二心音
2281,咸康七年
2282,爭取速度上的優勢。這些戰鬥機是最初使用噴射發動機為動力
2283,道格拉斯
2284,玉米
2285,巴尼亞
2286,五個
2287,民國25年
2288,松花江
2289,美國內戰結束，聯邦取勝。美國政府作出實際行動，支持反抗軍，除了向他們提供武器之外，美國
2290,宋理宗
2291,
2292,2017年
2293,
2294,紅水河
2295,彌生人
2296,斯芬·佩斯
2297,2013年
2298,大道東附近
2299,6.6千兆瓦來自下薩克森邦
2300,副熱帶濕潤氣候
2301,1200萬名
2302,總督」，正式官銜為「兵部右侍郎兼都察院右都御史，總督某地等處地方，提督軍務糧餉」，尊稱為「督憲
2303,2008年
2304,5760.72億元人民幣
2305,1998年
2306,林天宏
2307,杜篤瑪
2308,12個
2309,西伯利亞
2310,沿用科大
2311,焦爾達諾·布魯諾
2312,職業網球協會
2313,武興郡
2314,誇張
2315,官僚主義者階級
2316,刺史
2317,相繼收縮
2318,1180年
2319,三歲
2320,
2321,雷焦卡拉布里亞國家考古博物館
2322,阿克爾自治市
2323,香港人
2324,都市計劃
2325,義大利
2326,猶太人
2327,產婦之前
2328,校園一卡通
2329,世界盃，羅納度、羅納爾迪尼奧、卡路士、卡福與里瓦爾多成為巴西核心球員
2330,金礪
2331,溫度和降水量
2332,吸引外國人光顧
2333,何應欽
2334,金銀珠寶
2335,
2336,1939年
2337,明信片
2338,噪聲
2339,政敵愷撒甚至曾公然稱讚他：你的功績高於軍事將領，擴大知識領域比之於擴大羅馬帝國的版圖，在意義上更為可貴
2340,白河
2341,
2342,音樂
2343,《四十二章經》
2344,阿爾杜伊尼卡家族
2345,工業發展
2346,海因利希・弗格勒
2347,第五套
2348,景洪市
2349,憲法
2350,爭取陽光
2351,托爾金
2352,1918年
2353,1563米
2354,原始宗教
2355,第1區
2356,博物學
2357,杭州
2358,地面雜訊
2359,1950年通過關島組織法，成立美式行政、立法、司法三權政府，並給予關島原住民和以後出生的人美國公民權。關島總督最初二十年由美國總統任命，到1970年
2360,馮特
2361,
2362,法國大革命時期
2363,明朝
2364,2014年
2365,朱德
2366,
2367,東晉
2368,1958年
2369,東經
2370,英籍工程師西排立
2371,語法結構上有很大的差別。韓語是通過附著在單詞後面的助詞和語尾的變化來表示語法關係，而不是像漢語那樣依靠詞序。因此韓語有比較複雜的助詞和語尾。韓語的句子結構是主語+賓語+謂語
2372,赫比格欸伊·發射光譜/逼·發射光譜·星
2373,電磁波理論模型
2374,《臺灣郵票》
2375,1938年
2376,2014年
2377,紅燈區
2378,2007年
2379,法國
2380,
2381,斯托克港
2382,燕王朱棣
2383,蒙古語
2384,甲醇
2385,志費尼
2386,15625億
2387,印度教
2388,1224年
2389,公元前12世紀
2390,北非作戰階段
2391,依法治國
2392,1987年
2393,核酸酶
2394,
2395,1-0
2396,
2397,心球
2398,漢御史大夫王朗
2399,前34年
2400,2901.3平方公里
2401,新北市
2402,馬可·波羅
2403,文革
2404,
2405,科大校歌是《永恆的東風》，由首任校長郭沫若作詞，音樂家呂驥作曲。歌詞是在1958年建校之前寫成，經周恩來總理修改，並由抗大校歌作曲者呂驥譜曲。歌詞中「學習偉大領袖毛澤東
2406,19世紀
2407,朝鮮民主主義人民共和國視為朝鮮半島唯一合法政權
2408,明成祖
2409,最高人民會議常任委員會副委員長楊亨燮
2410,清宣宗時代
2411,蒙漢兩元政治。元世祖雖然於爭奪汗位戰爭獲得蒙古大汗
2412,黑色貝雷帽
2413,三國史記
2414,第十五屆國際動物學會議通過了此前由國際動物命名法委員會主席布拉德利
2415,林彪
2416,技術發明
2417,1972年
2418,錫克教
2419,分裂
2420,社會輿論
2421,1603年
2422,一分
2423,紐格威森林公園
2424,2005年
2425,小型機
2426,新石器時代
2427,孔齊
2428,海因里希·赫茲
2429,1958年
2430,世界氣象組織
2431,條約規定的賠償金額中的一小部分，但即使這一小部分也給德國經濟造成了極大負擔
2432,1960年代
2433,布政司署
2434,35%
2435,諸將軍極欲統一日本
2436,食品業
2437,1959年
2438,
2439,大片柏樹林
2440,28440公里/小時
2441,仙台市
2442,蔣定之，江蘇省人大常委會副主任史和平，原鐵道部副總工程師兼運輸局局長張曙光
2443,郵資使用過
2444,哈爾濱
2445,
2446,義和團事變
2447,混合苦膽的酒
2448,建文二年
2449,關島組織法
2450,2008年
2451,
2452,狄托
2453,19世紀晚期
2454,貴金屬
2455,合不勒汗
2456,
2457,窩闊台汗國
2458,宣統三年
2459,49.3萬人
2460,巴納德
2461,量子光學
2462,農產品
2463,哈德遜河
2464,全國地圖
2465,
2466,社會保障法規。在全斗煥執政期間，「福利國家
2467,超過太陽質量
2468,約翰·坎貝爾
2469,港島區
2470,1221年亡國。成吉思汗命速不臺和哲別追殺摩訶末，摩訶末最後死於裡海。其子札蘭丁於八魯灣之戰英勇抗敵，最後南逃印度，並於1224年
2471,杜林
2472,《中華人民共和國憲法》
2473,二十歲時，王守仁第一次參加鄉試，中舉人，之後的他更加適才討論軍事，並且善於射箭。然而，二十二歲
2474,雙打比賽
2475,中村法道
2476,廣州
2477,阿難答
2478,391年
2479,英國精神醫學期刊
2480,
2481,1271年
2482,13小時
2483,氦
2484,國資圖旁的戰基處營區土地
2485,蒙古貴族
2486,約翰一世
2487,黑死病
2488,5月23日
2489,東海岸
2490,半導體
2491,氮化硫
2492,十名支持開戰的民主黨成員之一
2493,1972年
2494,都市計劃
2495,數百萬克耳文
2496,哲布尊丹巴
2497,生產姿勢，還有一個女性的天生耐痛程度
2498,不投票
2499,司馬休之
2500,環保非盈利機構
2501,公民化
2502,宏碁
2503,國民政府時期
2504,海因里希·赫茲
2505,傻瓜塔
2506,陳質退守大同。代王本欲起兵呼應朱棣
2507,五桂山
2508,匹茲堡
2509,威廉·赫歇爾
2510,市區改正計劃
2511,《動員戡亂時期臨時條款》
2512,俄羅斯
2513,1990年
2514,花垣鎮
2515,東部
2516,毒品
2517,7%
2518,韓國
2519,梅艷芳是女低音
2520,莫斯科
2521,泰國
2522,農民階層
2523,孔恩
2524,索契
2525,比利時
2526,西南師範大學
2527,支持臺灣獨立的「獨派」並列為臺灣當前的兩大政治思想，所衍伸出來的「統獨問題
2528,光明天皇
2529,托木斯克
2530,蘇丹達爾富爾地區
2531,1897年
2532,《臺灣自救運動宣言》
2533,詳細規劃
2534,十億年前
2535,1486年
2536,英國
2537,1970年代
2538,1500公里
2539,南極條約協商會議
2540,布里亞特人
2541,建炎二年
2542,民國8年
2543,1850年6月1日
2544,前279年
2545,中國大陸
2546,西元前1534年
2547,羅山
2548,1899年
2549,釋迦牟尼住世
2550,1966年
2551,1640年
2552,海上垂釣和觀鳥
2553,安德洛尼卡·科穆寧
2554,東涌線
2555,梅艷芳是女低音
2556,1841年2月10日
2557,1997年
2558,2005年9月23日
2559,古代
2560,國家預防腐敗局
2561,發電量愈多
2562,大學生研究計劃
2563,林爽文
2564,1994年
2565,王亞南
2566,石水渠街
2567,八零年代
2568,1233年
2569,日本
2570,瑞派克路
2571,
2572,後燃器
2573,
2574,康熙三十二年
2575,重工業
2576,
2577,1952年
2578,良好關係
2579,驅逐艦因其具備多功能性
2580,1917年十月革命
2581,金正恩
2582,全息照片郵票
2583,1世紀
2584,1923年
2585,直轄市後，在各個市政領域推動都市轉型計畫
2586,二氧化硫
2587,紹興十一年
2588,烈女義坑
2589,調節氣溫
2590,日本青年社
2591,廣東籍
2592,卡拉布里亞
2593,自由派
2594,1990年代
2595,秋明州
2596,倫敦煙霧事件
2597,居住地加州
2598,自由
2599,韓國
2600,不穩定性
2601,中國大陸南方主要是進口的大西洋鮭為主，而北方太平洋品種的大馬哈魚常於9－10月回到黑龍江、烏蘇里江等河中產卵
2602,亨利克萊
2603,歐美國家
2604,洛東江
2605,赫爾伯特·查普曼
2606,噪音過大
2607,廿八歲
2608,平安
2609,1961年
2610,大審判
2611,約瑟夫·阿洛伊修斯·拉辛格
2612,孫中山
2613,2比1
2614,
2615,1861年
2616,1991年起舉辦中國溧陽茶葉節，原為一年一屆，1995年
2617,擁有領土主權
2618,1953年12月
2619,白[UNK]紀末滅絕事件
2620,2008年1月27日
2621,曼莫漢·辛格
2622,刺激性
2623,七七事變
2624,激進黨
2625,1895年
2626,1895年6月
2627,萊茵魯爾
2628,洛東江
2629,拒絕投降
2630,慈禧皇太后
2631,1600分
2632,保羅•狄拉克
2633,發球失誤
2634,第一次鴉片戰爭
2635,特殊黨員
2636,中國
2637,蔡素玉
2638,英國神經科學家查爾斯·斯科特·謝靈頓爵士與加拿大
2639,工藝上的難度不獲好評
2640,
2641,2006年
2642,4個
2643,溫州
2644,下薩克森邦
2645,《宅地法
2646,中途公園
2647,駐越美軍
2648,
2649,高房價
2650,1849年
2651,2016年9月30日
2652,效益主義
2653,解放軍
2654,1946年11月1日，張學良與趙一荻被送達臺北松山機場，在臺灣繼續軟禁，限制人身自由。隔日就轉移至新竹縣五峰鄉井上溫泉。1949年，先搬至高雄壽山，隔年又重返清泉溫泉，直至1958年
2655,伊斯蘭教
2656,東勝寺一役
2657,8月
2658,伊斯蘭教
2659,暴雪娛樂公司
2660,第二次世界大戰
2661,歐洲人一直簡化了
2662,理論心理學
2663,西方墨點法
2664,136.03萬人
2665,唐朝
2666,戰鬥機
2667,伍德羅·威爾遜
2668,240℃下乙醇脫水生成乙醚
2669,中央軍委
2670,堂哥溥佳
2671,大里區
2672,1799年
2673,特瓦族
2674,緊密的外交接觸在百濟個性溫和的雕塑
2675,麻州
2676,杜林
2677,庫侖阻力
2678,沒有完整校舍
2679,一邊一國
2680,
2681,西塞羅
2682,贊格祖爾
2683,
2684,土耳其
2685,2013年
2686,忠孝橋
2687,摩根
2688,1472年，受到葡萄牙的侵略。後荷蘭、法國、英國等國殖民者相繼侵入，販賣奴隸；1861年
2689,高崗
2690,1925年，阿森納聘請哈德斯菲爾德的總教練赫爾伯特·查普曼帶領球隊。於5年間，他建立了一隊全新的阿森納，委任湯·韋迪加作為球隊的訓練員、把球隊的陣式改為「[UNK]陣式」、購入大衛·積克、艾迪·夏普特和基夫·巴斯廷等球員，其中大衛·積克的轉會費更打破當時的紀錄。在總教練查普曼帶領下，1930年
2691,海水淡化
2692,
2693,花崗岩錐狀島嶼
2694,爭議性
2695,1779年
2696,廖內省
2697,人本主義
2698,首爾塔洞公園
2699,61票贊成，37票反對，7票棄權
2700,大清帝國
2701,斯沃斯
2702,幅度
2703,約8200年
2704,普法戰爭
2705,什錦麵
2706,馬克思主義
2707,中東
2708,清代
2709,蔣中正
2710,土魯斯
2711,[UNK]屬的鈍吻鮭
2712,美國
2713,甘蔗
2714,領兵反抗幕府
2715,優先機會
2716,
2717,公交公司
2718,2010年
2719,洛可可風格
2720,文化大革命
2721,2008年
2722,納粹黨
2723,清政府
2724,拿破崙
2725,大陸黃金十年高峰
2726,漢魏故城
2727,1920年代
2728,
2729,威廉一世
2730,接收人造衛星轉播
2731,35號
2732,1702年
2733,水冷卻等。剛剛進入噴射時代，蘇聯與美國都曾經進行於渦輪段前方再度注入燃料點火的試驗，然而這個手段對於渦輪葉片的耗損提高
2734,新加坡
2735,同盟國
2736,1944年
2737,臺灣國語
2738,布里斯托
2739,目前河運
2740,
2741,國際動物命名委員會
2742,黃金自由貿易
2743,施耐庵
2744,
2745,大韓帝國
2746,發信者的郵件蓋上郵戳
2747,第265任
2748,機車所啟發
2749,死亡
2750,40人
2751,阿拉瓦克印第安人
2752,灣仔北」發展區
2753,[UNK]集團
2754,兩馬赫
2755,12個
2756,蘿蔔糕
2757,伽利略
2758,1875年
2759,裏海
2760,1863年
2761,1880年
2762,16世紀末葉
2763,1804年，理查特里維西克在英國威爾斯發明了第一台能在鐵軌上前進的蒸汽機車，但商業上並不成功。第一台取得成功的蒸汽機車是喬治·史蒂芬生在1829年
2764,杜林
2765,1995年
2766,毛利家
2767,1850年
2768,尹伊桑
2769,拿破崙
2770,267年
2771,11月祭
2772,中華人民共和國
2773,愛格思海金斯公司
2774,阿拉巴馬州
2775,2007年
2776,《金驢記》
2777,呂蒙
2778,傑斐遜·戴維斯
2779,幕府末年
2780,70%
2781,狩獵採集社會
2782,自己要走的「社會主義」道路
2783,國民黨
2784,約翰學院
2785,《人口論》
2786,利奧三世
2787,鄂圖曼帝國
2788,1986年
2789,金朝數學家李冶的《測圓海鏡》；元代數學家朱世傑的《四元玉鑒》；明代
2790,1946年11月8日建立了以漢諾瓦作為邦首府的下薩克森邦。1946年12月9日第一屆邦議會成立。然而並不是通過選舉產生，而是由英國占領當局任命。1951年4月13日
2791,制度性宗教在中國的地位。中國官方認可全國性宗教
2792,心血管疾病
2793,石油天然氣研發中心
2794,元朝
2795,硫酸
2796,義大利戰爭
2797,超級基金法
2798,中華人民共和國
2799,納粹德國
2800,軍事改革
2801,1933年
2802,2015年，三星電子
2803,丙子胡亂
2804,1606年
2805,天主教
2806,聯合國安全保障理事會決議
2807,大滿貫
2808,馬佐維亞公國
2809,伯力
2810,外交政策
2811,肺呼氣機制
2812,8世紀
2813,約翰二世·科穆寧皇帝
2814,凡爾賽宮
2815,北海道帝國大學農學部
2816,2008年
2817,信陽市
2818,地區邊界
2819,電腦介入飛控系統操作
2820,動物命名法
2821,1952年
2822,1789年
2823,拔都
2824,布拉德利
2825,提防燕王謀反
2826,金靴獎
2827,維爾紐斯
2828,考古學
2829,莫哈梅·西亞德·巴雷
2830,萊茵河
2831,氧化亞氮氣體
2832,新約正典
2833,趙光義
2834,攻占納哈出的金山
2835,
2836,內燃機
2837,銀熊獎
2838,九年
2839,靜止心率
2840,釣魚臺
2841,10名
2842,1952年
2843,武昌起義
2844,拉卜楞寺
2845,殺傷力大
2846,第一波新政
2847,球面幾何學
2848,1976年
2849,地球大氣層及其他天體之外的虛空區域
2850,第2758號
2851,1980年代
2852,楊森
2853,1859年
2854,貿易航線
2855,學權部
2856,阮彌之
2857,粵西
2858,斯托克港
2859,印度河文明
2860,约瑟夫·斯卡利格
2861,寧波人
2862,維多利亞港
2863,中文搜尋引擎
2864,
2865,道路政策
2866,馬可福音
2867,2000年
2868,
2869,1000米
2870,馬關條約
2871,羅斯福
2872,大陸性季風氣侯
2873,214微克
2874,113席
2875,過渡時期憲法
2876,四州都督府
2877,段思平
2878,1953年至1957年
2879,不知道散彈槍
2880,平遠縣
2881,社會學
2882,
2883,
2884,攔截機
2885,寮國的佛教藝術的發展與鄰近地區包括泰國有密切關係。建築物與雕塑採用的材料以木材為主，配以油漆及光漆作粉飾。15世紀末，與泰國素可泰的佛像風格非常相似。自16世紀，寮國
2886,2000年
2887,發願之後
2888,蒸汽輪機
2889,
2890,第26屆
2891,武漢大學
2892,第四心音
2893,1989年
2894,史達林
2895,交通建設
2896,美國
2897,廣州鐵路公司，是中國鐵路總公司下屬公司。廣鐵集團歷史可上溯至1936年所成立的衡陽鐵路管理局衡陽鐵路局。1958年衡陽鐵路局機關南遷廣州，是為廣州鐵路局
2898,航宇
2899,海森堡喜歡參與社交活動
2900,
2901,元日戰爭
2902,亞歷山大·羅德
2903,阿卡狄烏斯念手足之情支援他，霍諾里烏斯
2904,北美
2905,《農書》
2906,伊爾庫次克
2907,中世紀中期
2908,美國登山車協會
2909,庫曼語
2910,台南
2911,精神醫學
2912,學費較高
2913,1987年
2914,發願之後
2915,1850年6月1日
2916,直布羅陀海峽
2917,把普選局限於男性
2918,財務報表的三個基本報告之一，所表達的是在一固定期間內，一家機構的現金增減變動情形
2919,1923年
2920,鏡廳
2921,王韶之與晉安帝
2922,中華民國初年
2923,托列斯海峽
2924,自由民主黨
2925,印度洋
2926,15%
2927,寒冷北極高壓空氣團
2928,磷礦石
2929,曼哈頓
2930,克羅埃西亞、斯洛維尼亞、蒙特內哥羅等社會主義共和國
2931,905年
2932,成熟階段
2933,肌萎縮性脊髓側索硬化症
2934,軍事防衛
2935,哈德良
2936,馬佛奧·巴貝日尼
2937,傳送其基因組進入其他細胞，進行感染的分子機制
2938,
2939,
2940,南成旭
2941,盧安達
2942,阿森納
2943,厄爾布魯士峰
2944,國民政府
2945,明朝
2946,武器設計製造人才
2947,1978年
2948,二氧化硫
2949,四季
2950,科學博物館
2951,溫帶氣候特點
2952,1889年
2953,烏孜別克語，屬於阿爾泰語系突厥語族西匈奴語支，和維吾爾語
2954,金泳三
2955,操作體重計
2956,新生代
2957,勒克瑙協定
2958,國防部空軍司令部
2959,成吉思汗
2960,電動機
2961,五大宗教外其他宗教業務
2962,貝尼托·墨索里尼
2963,內需市場
2964,多瑙哲羅魚
2965,翻版金日成
2966,啟德機場
2967,
2968,日本
2969,愛爾蘭語
2970,不能相容的
2971,石油管道
2972,敦煌石窟
2973,鍾祥蘭台宮
2974,朝鮮
2975,1972年
2976,
2977,兩天
2978,喀喇汗國
2979,颶風戰鬥機
2980,黨內上層
2981,1932年
2982,1952年
2983,葛摩
2984,2003年1月12日
2985,釣魚臺
2986,伯明罕
2987,村民委員會
2988,
2989,三菱長崎造船廠
2990,《韓國憲法》
2991,宋孝宗
2992,怯薛軍
2993,日本茶道
2994,16世紀末葉
2995,西晉，為州、郡、縣三級制。雖然各國佔地不大，但往往分置許多州，以致州境縮小。並且將自己沒有統治的州郡也常常在境內設置，例如前趙
2996,西人黨兩派。東人黨又分裂為南人黨與北人黨
2997,民國26年上半年
2998,中東
2999,一次世界大戰時期
3000,大朝鮮國」的國號，此稱呼最早出現於1876年的《日朝修好條規》，1882年通過鑄造「大朝鮮國大君主寶」而固定化。1897年改國號為「大韓帝國
3001,鋼筋混凝土
3002,熱帶稀樹草原
3003,1176年
3004,《日韓合併條約》
3005,羽柴秀吉在山崎之戰中討滅明智光秀，並在後來的清洲會議中擁立織田秀信
3006,中產階級
3007,民國元年，浙江省省會定於杭縣，因民國十六年分杭縣城區置杭州市，省會改為於此。民國二十六年
3008,第45屆日本眾議院議員總選舉
3009,魏源
3010,教宗保祿六世
3011,阿拉伯宗教
3012,布政司署
3013,印度教
3014,馬可波羅
3015,
3016,艾瑪·史東
3017,1624年
3018,第三產業
3019,自轉軸
3020,德宏州
3021,25個
3022,喬治·史蒂芬生還在基林沃思煤礦做一個坑口絞車操作員；他被之前由特里維西克和赫德利
3023,
3024,華北平原
3025,振州
3026,克里米亞[UNK]靼人
3027,李時珍
3028,莫比爾
3029,埃及
3030,辛亥革命
3031,六十年代
3032,十年
3033,伊斯蘭教
3034,兵部右侍郎兼都察院右都御史
3035,第二次世界大戰
3036,周恩來
3037,《北京條約》
3038,1976年
3039,1959年
3040,人均縣民所得有235.2萬日元，相當於日本平均值
3041,國民議會
3042,竹[UNK]魚
3043,主動方
3044,生活部
3045,歐洲工業文明崛起後特殊的文化現象之一。人類在19世紀，全面進入以科學發明和技術革命
3046,3766人
3047,外交關係
3048,300公厘
3049,廖內省
3050,南宋洪邁
3051,淮安區
3052,
3053,春耦齋，北洋政府時為總統辦公處
3054,2002年
3055,50%
3056,西里爾字母
3057,南明
3058,中國共產黨紀律檢查機關，是中國共產黨對黨員進行紀律考核的部門。在《中國共產黨章程》
3059,曼哈頓
3060,契約經濟
3061,
3062,
3063,保護蒙古人地位
3064,工農業生產
3065,資本主義
3066,四品
3067,金正恩
3068,戰艦，山本認為其在海戰的主力地位已成過去，早在1927年他擔任赤城號艦長時就有對空中武力
3069,戰勝國
3070,北宋元豐五年
3071,蘭希佩洛西
3072,1867年
3073,劉少奇
3074,90年代
3075,溫尼伯國際機場
3076,
3077,馬克思主義
3078,
3079,政府提倡觀光
3080,黑龍江
3081,巴爾米拉王國
3082,長水村
3083,
3084,居民委員會和村民委員會最讓人關注，因為這兩個組織在實際生活
3085,民國29年
3086,降低貸款利息
3087,1969年10月17日
3088,通化市
3089,康熙帝
3090,烏茲別克斯坦
3091,玉米
3092,
3093,建設性
3094,2006年
3095,1987年
3096,馬克思主義
3097,倫敦
3098,馬加人
3099,清宣統二年李准亦懸旗嗚炮，正式成為中國領土；根據1887年
3100,巴西
3101,製導合一
3102,完全臀位
3103,駱克道
3104,64.6公里
3105,鄂圖曼帝國
3106,收縮性
3107,廣電總局
3108,
3109,蔣介石
3110,
3111,通惠河
3112,雲貴高原
3113,伊朗
3114,1917年11月東方戰線因俄國發生十月革命並退出戰爭而結束，德軍立即集中於西線，意圖在美軍到達歐洲之前，於1918年
3115,紅衫軍運動
3116,遼寧南部
3117,烏來區
3118,綠窗口
3119,電壓
3120,希臘文化
3121,幽州
3122,十二月屠殺
3123,庫倫
3124,1970年代
3125,相聲
3126,平定南昌的寧王宸濠之亂。王守仁將去福建剿匪時，所率部隊行軍剛到豐城，寧王朱宸濠突然舉事。因此王守仁積極備戰
3127,周恩來
3128,貴霜帝國
3129,1956年
3130,南海縣
3131,《華府風雲》
3132,韓國
3133,過度漢化、違背祖宗成法為由，在塔拉斯河招開庫里爾台大會
3134,4000米
3135,李東陽
3136,1916年
3137,八寶粥
3138,弧秒/年
3139,印度教
3140,第一座青天白日勳章
3141,尼古拉杜霍寧
3142,見習官
3143,第四次調整是在文革期間的1966年5月至1973年4月，是中國人民解放軍防管時期。1966年5月，中央決定撤銷公安部隊
3144,信陽市
3145,1782年
3146,1867年
3147,日本武士時代
3148,武漢大學
3149,貝爾格勒
3150,日產汽車是源自日本的跨國汽車製造商，總部位於橫濱港未來開發區，旗下擁有「日產」、「英菲尼迪」、「達特桑」等多個品牌；為日本第二大汽車製造商，年產量僅次於豐田汽車
3151,政府財政撥款
3152,1918年
3153,1972年
3154,高架電纜
3155,荷蘭
3156,衝突
3157,有絲分裂
3158,路德
3159,拉丁字母
3160,二氧化碳
3161,建國後的幾個十年中，韓國對憲法進行了九次修訂。最新的一次憲法修訂時間是在1987年
3162,《三國演義》
3163,黃琪翔
3164,中國人民銀行
3165,農夫視為是共和國的中流砥柱，輕視都市
3166,特洛依-小熊足球比賽
3167,2006年
3168,土地改革
3169,私立大學
3170,巴黎植物園
3171,楊成武則認為周實際上擔任中央專案組負責人和領導者，並針對劉少奇、賀龍、彭真等人主持專案工作。對於周恩來
3172,1739年
3173,民族文化多元化
3174,《開槍射擊令》
3175,法語老師。這所學校是布里斯托大學
3176,商業
3177,馬山縣
3178,西柏林
3179,田春蔚
3180,冬季奧運會
3181,引號
3182,農礦部
3183,艾薩克·牛頓
3184,馬薩諸塞州
3185,7世紀
3186,第一個階段
3187,華沙
3188,麗貝卡·布蘭克
3189,田漢
3190,標檢局將報時說法改掉的建議，直至2007年1月12日中午起才以「現在時間」取代「中原標準時間
3191,公元前37年
3192,《東亞日報》
3193,盧押道
3194,北京
3195,1942年中之前
3196,巴洛克風格
3197,狄托
3198,3年－5年研究文學和哲學，同時不斷進行簡單的發誓。此後，研究學者還要在特定的教廷職務上工作2－3年
3199,古朝鮮准王
3200,俗世什一稅
3201,貨幣經濟影響
3202,后妃傳
3203,1967年
3204,曼努埃爾
3205,西班牙人
3206,31個
3207,無情
3208,新北市
3209,北竿島
3210,拉彼魯茲
3211,
3212,1235年
3213,莫高窟
3214,第二核能發電廠
3215,韋利奇科·迪米特羅夫·克林
3216,2017年
3217,伊斯蘭哈里發軍隊
3218,新北市
3219,量子光學
3220,波多黎各
3221,1929年
3222,高麗時期
3223,鱷魚
3224,2500米
3225,35號決議
3226,建設
3227,
3228,江北地區
3229,拉丁語
3230,19世紀
3231,中山粵菜
3232,馬格嫩提烏斯
3233,鐵穆爾
3234,倭國
3235,1949年
3236,金銀製品工藝。現存於世的東羅馬珍寶反映了東羅馬工藝的高超水平
3237,會長
3238,
3239,昆明原機場昆明巫家壩國際機場
3240,豐田汽車
3241,兩棲動物
3242,全國邊海防工作
3243,西南部
3244,1961年
3245,馬爾吉特
3246,13世紀
3247,望遠鏡研究天空中明亮的帶狀物，也就是當時所知的銀河，並且發現它是數量龐大但光度暗淡的恆星聚集而成的。在1755年的一篇論文，伊曼努爾·康德，借鑒更早期由托馬斯·懷特
3248,埃里克•蘭德
3249,戶籍
3250,24位
3251,小高加索山脈
3252,貿易局
3253,軍事科研活動
3254,中國共產黨紀律檢查機關
3255,遭大雨，運糧困難
3256,民主黨
3257,1627年
3258,人性本善
3259,平分秋色
3260,文化大革命
3261,公元第二世紀
3262,[UNK]-29
3263,因此被稱為「成吉思汗
3264,漢朝軍事壓力
3265,1926年
3266,2013年1月1日
3267,鄧小平
3268,宣統三年
3269,華萊士
3270,燃燒著不同的元素燃料
3271,金大中續金泳三
3272,布爾什維克革命
3273,民國元年
3274,1927年
3275,1233年
3276,2005年
3277,聖餐紀念說
3278,不可言喻
3279,阿方索·德·博爾哈
3280,維多利亞湖
3281,
3282,馬英九
3283,相聲
3284,朱文圭
3285,巴夏禮
3286,廣島市
3287,監理會
3288,吸毒
3289,德拉瓦州
3290,
3291,1891米
3292,馬來西亞
3293,馬格德堡
3294,92%
3295,李算
3296,克麥羅沃州
3297,第十屆全國人大第五次會議
3298,馬林諾夫斯基
3299,1651年
3300,成吉思汗
3301,劉義宣
3302,消極的制度治理臺灣，導致社會動盪不安
3303,李宗仁
3304,匯率繼續向下調整，從1984年7月的2.30下調到1985年1月的2.80
3305,1971年
3306,1281年
3307,爭取速度上的優勢
3308,蒙古
3309,亞美尼亞高原
3310,
3311,明朝
3312,動物脂肪
3313,特殊道路
3314,奈及利亞
3315,1955年
3316,976毫米
3317,東方帝國
3318,
3319,中華民國政府退守臺灣，一批相聲演員也到了臺灣。當年，陳逸安、魏龍豪、吳兆南
3320,1912年
3321,1903年
3322,鐵
3323,伊斯蘭教
3324,9世紀
3325,路易-拿破崙
3326,內蒙古自治政府
3327,獅子
3328,宋高宗
3329,
3330,美元
3331,電漿體
3332,獅子派
3333,乾隆皇帝
3334,功利主義
3335,1998年，是世界上最大的議會建築。此前會議在歐洲宮舉行，其不凡的內部結構已經為歐洲的電視觀眾所熟悉。1992年
3336,西班牙
3337,朝鮮民主主義人民共和國元帥
3338,成吉思汗時代
3339,社會經濟
3340,地中海
3341,1897年
3342,37年
3343,牡丹峰樂團團長
3344,君士坦丁八世
3345,用處急遽減少
3346,1949年
3347,岳飛
3348,劉牢之
3349,105名成員的阿拉巴馬州眾議院以及35名
3350,卓袱
3351,五分之四
3352,上海租客
3353,民族主義復活
3354,德國
3355,北方方言
3356,集安
3357,1970年
3358,黃色的晶體
3359,李·亞科卡
3360,五年
3361,瓜拿納樹
3362,特瓦族
3363,髒層
3364,低溫
3365,遺傳物質
3366,均衡的歐洲的傳統政策相悖。同時喬治對美國總統伍德羅·威爾遜的民族自決政策感到憂慮，因為英國有龐大的海外殖民地
3367,海什木的著作《光學》不過，心理學作為一門獨立的學科是開始於1874年，那一年，德國的生理學家威廉·馮特
3368,2006年
3369,白[UNK]紀
3370,莫里斯哈勒
3371,克勞德夏農
3372,不列顛印度軍隊
3373,1932年
3374,人口較南方多出許多
3375,1964年
3376,通俗科幻小說雜誌
3377,法語
3378,政治主張
3379,國際園藝家協會
3380,合肥市政府
3381,理查特里維西克
3382,一線天目前仍屬重要軍事基地
3383,彌爾
3384,不可考
3385,幽默
3386,無量山
3387,738年
3388,美國
3389,滬杭鐵路上海站
3390,非常小
3391,1961年
3392,計劃經濟體制
3393,英國鑑於俄國
3394,聶耳
3395,模特兒
3396,1284年
3397,民國27年
3398,悉曇體
3399,1352人
3400,2005年3月20日
3401,七年的財務危機，被法國雷諾汽車提出收購請求，由於日本政府的強烈反對及雷諾汽車董事會對日產汽車財務赤字
3402,富凱
3403,沃爾特蒙代爾
3404,1936年
3405,達爾豪斯侯爵詹姆斯·布朗-拉姆齊
3406,伊利諾州
3407,公元前240年
3408,
3409,性犯罪
3410,槽地質構造，隨著印度河及恆河的沖積作用而逐漸被填滿
3411,信陽長台關編鐘
3412,第二代戰鬥機
3413,黃大仙區
3414,忽必烈
3415,1970年
3416,約翰一世
3417,至元十七年
3418,鋼鐵和陶瓷
3419,德川家康
3420,哈大客運專線
3421,海倫市
3422,佛教
3423,恰克圖條約
3424,熱帶雨林氣候
3425,死亡恐嚇
3426,巴洛克城堡[UNK][UNK]歐斯納布魯克城堡和最高的中世紀後哥德式建築[UNK][UNK]聖凱薩琳教堂
3427,諸羅縣
3428,協助自殺
3429,西晉
3430,美國[UNK]電視台
3431,1985年
3432,24小時
3433,1991年
3434,11世紀
3435,郭松齡
3436,1935年
3437,發光度
3438,五權憲法
3439,天皇
3440,2014年
3441,
3442,股份制
3443,兩年
3444,魚雷
3445,1980年
3446,
3447,15個
3448,宋公
3449,希洛分基地
3450,漢地大都
3451,康熙年間建造，曾為養蠶之處。雍正年間皇帝在舉行親耕禮之前在此演禮。豐澤園內主體建築為惇敘殿，光緒年間改名為頤年殿，民國時改名頤年堂，袁世凱
3452,兩座
3453,普羅斯佩·梅里美、維歐勒·勒·杜克
3454,鄧小平
3455,擇偶條件
3456,維爾紐斯
3457,蔣中正
3458,《聯邦調查局》
3459,雜交帶
3460,2000年代
3461,《魔戒》
3462,1958年
3463,儒家思想
3464,1954年
3465,12架
3466,非珠三角地區
3467,1897年
3468,中華人民共和國
3469,1920年
3470,日野資朝等人處分
3471,土地面積狹小
3472,倭王權
3473,中環
3474,1991年
3475,約瑟夫
3476,行憲後大選慘敗予路易-拿破崙埋下伏線
3477,拉斐爾·納達爾
3478,大爆炸理論
3479,庫納巴拉班
3480,良好行為
3481,田興水
3482,中華人民共和國
3483,代王朱桂
3484,49.5萬人
3485,
3486,俄羅斯
3487,東漢
3488,1941年
3489,生命線類的協談電話
3490,機場快線
3491,薩爾布呂肯地區
3492,
3493,歐洲梵語的學術研究，由德國學者魯特漢斯雷頓開創。後來威廉瓊斯
3494,威廉瓊斯發現，歐語系也要歸功於對梵語
3495,
3496,19世紀晚期
3497,1990年代
3498,馬祖列島是隸屬中華民國的羣島，位於臺灣海峽正北方，面臨閩江口，連江口，漢羅源灣，與中國大陸僅一水之隔，距中國大陸最近點約9.25公里
3499,交通部觀光局
3500,5月到8月
3501,白犬列島
3502,白犬列島
3503,輕型小遊艇
3504,兩小時
3505,漢馬祖業展示館
3506,
3507,連江縣政府
3508,元宵節
3509,元宵節
3510,九月初九重陽節
3511,馬住
3512,
3513,軍事重地一一捷徑
3514,解除戰地政務以後，軍事重地一一捷徑成爲民衆光的景點兒，馬祖列島的多山岩礁沿岸地形
3515,北沙港
3516,晴川
3517,235歲望月
3518,網球是一項體育運動，常見的有一對一的單打，很二對二的雙打，對抗，雙方隔着球網，用球拍
3519,體育運動
3520,網球比賽的觀衆數目衆多，四大滿貫賽事特別受到關注，包瓜澳網
3521,主裁判
3522,撿球
3523,主裁判坐在球場外一邊的中間的高椅
3524,年終賽
3525,皮特桑普拉斯
3526,發球技術，焊接球技術，而擊球技術又包括鄭小吉求煩躁，急求上網截擊，看過頂扣砂等。網球的戰術也有很多，就有代表性的戰術，有發球上網，即在自己的發球局發球后，上網截擊對方的回球，前提是發球破壞對方的回球，使上網成功率增加。這具代表性的發球上網
3527,半西方式握拍
3528,半西方式握拍
3529,半西方式握拍
3530,14世紀
3531,手掌
3532,下旋
3533,制勝球，可是如果對方扣的太淺
3534,
3535,硬幣
3536,結束之後
3537,1-5盤
3538,率先贏得規定局數
3539,四年
3540,朱立倫
3541,四年
3542,27.828，漢8.908
3543,新北市
3544,新北市
3545,板橋車站
3546,板橋車站
3547,自行車道
3548,
3549,淡水河航道
3550,新北市
3551,一百一月58所，其中共有三所醫學中心，分別是淡水馬偕紀念醫院，亞東醫院
3552,
3553,新北市政府文化局
3554,2007年10月1日
3555,120餘公里
3556,直轄市，位於市政府所在地，板橋區的新板橋區，開發成型後，跨行政區的都會型商圈
3557,新北市
3558,2052平方公里
3559,雞龍河，新店溪，景美溪北，溪南市西，溫紫曦，三小，西大漢溪
3560,卡爾玲奈
3561,耶穌傳道
3562,耶穌基督
3563,上帝
3564,雅各書
3565,曾約翰
3566,約翰
3567,語言學
3568,彼得福音
3569,馬利亞
3570,馬利亞
3571,聯邦制
3572,漢斯基斯，馬尤，北方的博培拉汗，博薩索馬利亞
3573,150萬美元
3574,2001年3月
3575,地價相對較高
3576,墳地
3577,防禦敵方清洗
3578,城市規劃
3579,空間規劃核心是土地的合理利用
3580,空間規劃核心
3581,美軍基地
3582,無線電話
3583,夏威夷檀香山
3584,季節性
3585,美國海軍醫院
3586,2012年9月
3587,關道偉
3588,
3589,安納塔漢島
3590,安納塔漢島
3591,珊瑚環礁
3592,30度
3593,關島
3594,混凝土結構
3595,哈爾斯山脈
3596,不來
3597,下薩克森邦邦長
3598,糙米
3599,不用淘洗
3600,
3601,結構
3602,白[UNK]紀
3603,白[UNK]紀第三紀滅絕事件
3604,盤古大陸內部
3605,碳系晚期
3606,
3607,費力組織
3608,世衛組織
3609,非營利組織
3610,會員大會
3611,宣傳模特兒爲在展示場中的模特兒，則必須以活動的方式來呈現宣傳的物品。在汽車展示
3612,宣傳模特兒爲在展示場中的模特兒，則必須以活動的方式來呈現宣傳的物品。在汽車展示
3613,宣傳模特兒
3614,西方中世紀貴族所智勇的武裝軍隊
3615,封建制度
3616,政客是爲了下一次的選舉，政治家卻是爲了下一代。政治人物又有爲了下一代子孫的尊嚴
3617,貨品到貨大荔枝紋
3618,級別住
3619,617事件
3620,1961年8月12日
3621,1961年10月
3622,年輕人
3623,1963年
3624,安靜
3625,2000
3626,1971年4月10日
3627,44年之久
3628,1989年
3629,第一條
3630,德國
3631,1974年
3632,1950年代
3633,德國統一社會黨掌握，其對各崗位的幹部選拔政策，也具有重要的。其他政黨，或統一社會黨
3634,計劃經濟
3635,東德
3636,布拉格之春
3637,更多實用心理折磨
3638,移民
3639,1950年
3640,波蘭
3641,
3642,2.8%
3643,1985年
3644,社會主義現實主義
3645,私家博物館
3646,劇院，40個教授，11000，私家博物館
3647,1988年爲955座。1857年
3648,955座
3649,人文學科
3650,馬克思主義學說，主教通常被食堂吸菸，密切監視。1945年，年後天主教
3651,1945年
3652,馬克思主義學說
3653,德意志民主共和國
3654,
3655,金龍山
3656,釜山
3657,寒鬆闊葉
3658,油田
3659,韓國
3660,16頭
3661,大韓航空
3662,韓國
3663,韓國
3664,美國
3665,日本
3666,科學技術研究院
3667,韓國
3668,金泳三
3669,朝鮮半島
3670,儒教治國，儒家思想取代佛教
3671,甲午戰爭
3672,韓國
3673,未來
3674,汗流[UNK]背
3675,三國時期
3676,對外關係
3677,無條件投降
3678,電影
3679,民主化
3680,[UNK]年代
3681,2000年開始
3682,牛肉
3683,狗肉
3684,韓國
3685,全身益生菌，韓式泡菜
3686,韓國
3687,金屬筷子
3688,韓國燒酒
3689,
3690,2790060
3691,多倫多
3692,4月中旬期間
3693,攝氏23到31度
3694,133公分
3695,多倫多皮爾遜國際機場
3696,401號省道
3697,速龍隊及楓葉隊
3698,
3699,多倫多證券交易所
3700,多倫多
3701,多倫多
3702,前1500年
3703,將它廢棄了
3704,1787年
3705,1793年
3706,1812年
3707,1834年3月6日
3708,鐵路
3709,1921年
3710,81人
3711,1107萬平方公里
3712,光緒30年12月
3713,南京
3714,乾隆年間
3715,
3716,乾隆年間
3717,理藩院
3718,霍寒
3719,西藏
3720,大蒙古八旗
3721,高句麗
3722,公孫度
3723,公孫度
3724,公孫度
3725,孫淵
3726,隋朝國力衰弱，早在征伐高句麗
3727,
3728,李世民
3729,高句麗
3730,新城
3731,668年
3732,新羅
3733,新羅
3734,安順
3735,恕不申訴
3736,北京郵電大學
3737,不確定性
3738,
3739,財經
3740,負面情況發生，或是爲謀求某些利益而制定
3741,紫色絲病
3742,比爾蓋茨
3743,法蘭克蓋瑞
3744,功課
3745,教育
3746,學院關係部長
3747,224名
3748,物理學
3749,美國總統科技顧問委員會
3750,47位
3751,
3752,路易斯委員會
3753,不太合理之現象
3754,1949年
3755,麻省理工學院
3756,
3757,美術博物館
3758,65萬人
3759,史特拉斯堡的居民種族構成爲，法蘭西人
3760,19世紀末
3761,第二次世界大戰
3762,旅遊業
3763,第二大港口，僅次於德國的杜伊斯堡
3764,萊茵河航運中央委員會
3765,聯合國教科文組織
3766,日耳曼語言
3767,杜伊斯堡
3768,神聖羅馬帝國憲法
3769,漢陽爾薩斯
3770,馬賽曲
3771,19世紀
3772,德意志帝國
3773,四教
3774,歐洲文藝復興
3775,大約1900年
3776,1900年
3777,後現代主義
3778,政治哲學
3779,貴族政治
3780,柏拉圖
3781,基督教思想強烈影響。如同伊斯蘭思想的發展，天主教
3782,托馬斯阿奎那
3783,蘇聯時期
3784,電力
3785,
3786,成都平原
3787,峨眉山
3788,宋朝
3789,嘉州。市境東界，自貢市
3790,中世紀
3791,哈康五世
3792,1610年
3793,黑死病
3794,哈康五世
3795,1814年
3796,克里斯蒂安尼亞
3797,卡爾約翰大街將成爲主軸，新城區
3798,1854年
3799,第一條電車線路
3800,秋季
3801,商朝時期
3802,郡縣制
3803,魯國翰齊國
3804,約阿基姆
3805,9月6日
3806,托洛斯基喊紅軍總司令
3807,家屬爲人質
3808,波蘭
3809,莫斯科和平協定
3810,約瑟夫斯大林
3811,德意志國防軍
3812,蘇聯政府
3813,拿破崙
3814,近衛
3815,蔣介石
3816,三個月
3817,解放軍
3818,教黃厝村塔頭社
3819,美國第七艦隊
3820,胡錦濤
3821,臺灣泛綠陣營
3822,1912年
3823,1912年
3824,革命
3825,共產黨員在國民黨
3826,
3827,1930年
3828,西安事變
3829,1945年抗日戰爭結束後，國共之間的矛盾，應採君行線與聯合政府的議題再度凸顯，導致雙方在1946年
3830,抗日戰爭
3831,1955年
3832,廣州
3833,廣州宣佈重組護法軍政府
3834,北伐必敗論
3835,盧溝橋事變
3836,毛澤東
3837,國軍
3838,分區氣溫
3839,金文泰
3840,1985年
3841,烏拉圭世界盃上第一人即被淘汰，未能小組出線。四年後與意大利舉行的1934年世界盃，在首輪1:3負零西班牙
3842,加林查
3843,1958年
3844,加林查
3845,阿根廷
3846,羅納頓獲得1998年世界盃金球獎
3847,羅納頓
3848,倫敦奧運
3849,內馬爾
3850,坡心鎮
3851,新政聯盟
3852,7月19
3853,唐馬斯杜維爾
3854,豬灣入侵
3855,美國
3856,主要的1964年民權法案
3857,非裔美國人
3858,共和黨的非裔美國人，在1930年代開始逐漸轉向支持民主黨
3859,迪克斯民主黨的南卡羅來納州州長
3860,林丹強生總統
3861,阿拉巴馬州
3862,黑人
3863,能源部
3864,通信
3865,維吉尼亞州
3866,白人
3867,共和黨革命效應
3868,
3869,政治醜聞，使得共和黨
3870,堪薩斯內布拉斯加法
3871,凡爾賽條約
3872,羅斯福
3873,歐洲理事會議會大會
3874,第37次
3875,2007年
3876,潘基文
3877,9月25日
3878,無人飛機
3879,2015年
3880,雅敏雅雅塞拜然
3881,平坦谷地
3882,1100公尺
3883,新美天津大理石
3884,1923年
3885,亞塞拜然已被布爾什維克
3886,
3887,卡拉巴赫
3888,赫哲族
3889,唐代
3890,唐玄宗
3891,1284年
3892,努兒乾地方
3893,元朝
3894,庫頁島地區
3895,江戶幕府
3896,嘉禾二年
3897,公孫淵
3898,張明
3899,
3900,梅雨時期
3901,2010年
3902,九州旅客鐵道承擔，但也有到原鐵道，松浦鐵道
3903,舊石器時代
3904,舊石器時代遺蹟
3905,舊石器時代遺蹟
3906,舊石器時代遺蹟
3907,
3908,葡萄牙人
3909,斯洛文尼亞
3910,歐洲共同體
3911,斯洛維尼亞
3912,克羅埃西亞主義
3913,1992年
3914,馬其頓共和國
3915,南斯拉夫反法西斯人民解放委員會
3916,1945年
3917,2月底
3918,共產黨情報局
3919,沙文主義
3920,開放式社會主義
3921,1980年5月4日，黎託去世，結束其在南斯拉夫長達37年
3922,失業率攀升
3923,地方權力
3924,遺傳物質技術
3925,分子複製技術
3926,基因靶向
3927,1973年
3928,生物技術
3929,增加器官移植成功率方面，培育了基因轉殖珠
3930,凝血因子疫苗
3931,五模型
3932,賄賂數組或細胞，然後與宿主融合或雜交
3933,複製
3934,基因轉殖生物
3935,
3936,加拿大
3937,美國憲法
3938,17歲
3939,美國綠卡
3940,國家安全會議
3941,美國國土安全部
3942,水泥骨料
3943,人工土木建築材料
3944,天南土木建築
3945,硬度
3946,水泥骨料
3947,孔明車
3948,中國大陸
3949,45公里
3950,亞當斯密
3951,總額
3952,
3953,中國大陸
3954,城市軌道交通
3955,丁磊
3956,出售郵件系統軟體授權
3957,新浪
3958,金立財務風波
3959,2015年
3960,類比電路系統
3961,信號雜訊比
3962,精神障礙通常在自殺時出現，估計發生率有二十七八，最多也就是怕。其中成都住精神病院的人，他們完結，自殺的終身風險是約8.68。全部自殺死亡者的半數可能有種意見
3963,躁鬱症，就會增加自殺率20倍。其他景點的情況包括精神分裂，人格障礙，躁鬱症
3964,自殘
3965,古柯鹼
3966,精神障礙
3967,四川
3968,汗蒸冰製
3969,泰晤士報
3970,泰晤士報
3971,倫敦時報
3972,保守黨
3973,米蘭
3974,378年
3975,吸毒帝國
3976,巴勒斯坦
3977,薩珊王朝
3978,廣州
3979,宋教仁
3980,凱原中心支
3981,低於50公里
3982,1-9階
3983,民主聖地
3984,黃大勇
3985,王永清
3986,水利之功
3987,藍廷珍
3988,嘉義市，選區
3989,張之洞
3990,1890年的兩次住院按1893年
3991,李達更
3992,法國
3993,2013年
3994,威廉吉爾伯特
3995,吉爾古特
3996,班傑明富蘭克林
3997,富蘭克林
3998,琥珀摩擦實驗
3999,中央發電廠
4000,同級發電機
4001,蒸汽渦輪發動機將熱能轉換成動力，驅動這種發電機進行，發電，認識的其他種人，內容豐厚，水利也可以用來發電。這種發電機的外形絲毫不像法拉利找錢，發明的同級發電機
4002,纖維性抽搐
4003,赤腳上起初被稱爲最佳作品獎
4004,電影藝術
4005,五部，2011年起又將提名影片數擴大到十度
4006,美國電影藝術與科學學院
4007,普勞圖斯
4008,文學風格
4009,
4010,八幹裏德
4011,99.999%
4012,距離比較遠
4013,七天三小時
4014,中間期
4015,卡倫河流域
4016,河流
4017,河流及流域爲發源地。不同的時期往往有不同的文明佔據，以地域環境大致分爲沒做不到，明兒
4018,美國電影藝術與科學學院組織
4019,奧斯卡金像獎
4020,杜比劇院
4021,書院講交相金獎杯
4022,洛杉磯地區
4023,相關分會的成員提出
4024,1939年
4025,上海盛業大廈大學
4026,趙季平伯伯
4027,廈大男女同校之時
4028,戊戌變法
4029,李提摩太
4030,梁啓超
4031,李提摩太
4032,蘇聯
4033,提摩太
4034,李提摩太
4035,義和拳
4036,李提摩太
4037,2007年
4038,21196.18公里
4039,元朝類似，清朝
4040,北朝
4041,蒙古境內戈壁沙漠
4042,漢代
4043,朝鮮平壤
4044,房爲突厥
4045,明朝
4046,點燃煙火
4047,長城
4048,中英煙臺條約
4049,中英煙臺條約
4050,重慶
4051,重慶升格爲家等中央院轄市，轄區範圍大致分爲經重慶
4052,
4053,人民公園
4054,重慶
4055,火災演習
4056,中央直轄市
4057,重慶
4058,兵工廠
4059,沙坪壩公園
4060,浦東濱海
4061,重慶
4062,[UNK]子葉
4063,第七
4064,電子工業
4065,重慶
4066,馬關條約簽訂後，華俄道勝銀行，匯豐銀行在上世紀初進入重慶，1933年和1934年在朝天門和小十字街分別修建的創業銀行和中國銀行重慶金庫
4067,車內乘員
4068,土製裝甲
4069,天蠍是裝甲的防護方式，可用來對抗高爆反坦克彈
4070,主戰坦克
4071,臺北國際金融中心
4072,陳水扁
4073,2005年
4074,巡撫
4075,中國共產黨
4076,
4077,清朝1895年
4078,桑德
4079,同性婚姻
4080,摩梭人
4081,九十八十四
4082,同性婚姻法
4083,1600萬
4084,同性婚姻影響
4085,婚禮產業
4086,荷蘭
4087,荷蘭
4088,第22個
4089,1884年
4090,德國
4091,1939年
4092,1929年
4093,賓夕法尼亞州
4094,飛蟻
4095,60歲
4096,沙皇亞歷山大三世指派的一位二國將軍，蘇格拉底思維尼雅機
4097,英國
4098,1989年
4099,波蘭
4100,綠島
4101,
4102,兩個
4103,
4104,米爾頓
4105,19世紀
4106,佛教經典
4107,玄奘法師
4108,宋朝
4109,東吳大學
4110,2012年
4111,互相溝通
4112,閩南語
4113,1968年
4114,1968年
4115,1942年
4116,1944年
4117,1942年
4118,美國電影學會
4119,1946年
4120,1991年
4121,1948年
4122,大白兔
4123,吉米思杜華
4124,1945年
4125,學位
4126,1945年
4127,2008年
4128,西德甘尼斯
4129,求婚
4130,1951年
4131,基督教
4132,
4133,政治
4134,1940年
4135,米高梅
4136,豐臣秀吉
4137,1592年
4138,岩石圈
4139,大量放射性元素衰變加熱
4140,大西洋
4141,一個月
4142,血壓計測量
4143,心臟病
4144,商品的生產地
4145,
4146,俄羅斯帝國
4147,1899年
4148,2008年
4149,1789年
4150,穿和服
4151,1869年
4152,1869年
4153,北海道阿伊努協會
4154,釣魚臺
4155,鉛山壁虎
4156,山羊
4157,釣魚臺主權
4158,15世紀
4159,1909年時候的日本政府搬走，難受包裝。1918年
4160,1909年
4161,古賀辰四郎
4162,航路標誌法
4163,1月14日
4164,1857年
4165,巴麥尊
4166,巴麥尊
4167,1858年
4168,5月20日
4169,2011年
4170,美國地質調查局
4171,東芝
4172,業績不佳，財報造假而面臨倒閉風險。2015年7月爆發，涉及高達16億美元的會計造假案件，主要爲來自晶片及半導體部門的虛假營銷
4173,1882年
4174,2006年
4175,第二次世界大戰
4176,公元384年
4177,北魏藝術風格
4178,印度佛教文化
4179,蘇門答臘島
4180,非常注重傳統
4181,語言形式
4182,12世紀
4183,水墨畫
4184,漢明帝
4185,佛教藝術
4186,南北朝時期
4187,
4188,唐代
4189,長安
4190,莫高窟
4191,約翰克希爾
4192,1826年
4193,君主制
4194,匈牙利
4195,激進黨
4196,
4197,1921年
4198,馬爾庫斯維特魯威玻璃or是古羅馬
4199,倭寇
4200,南宋
4201,淮河氾濫成災
4202,愛情萬歲
4203,電影
4204,2001年
4205,扁平足及地中海貧血症狀
4206,1790年
4207,法國
4208,貝爾福
4209,1939年期間
4210,自由醫院
4211,自由醫院
4212,1906年
4213,八角大樓
4214,理事會
4215,理事會
4216,中國民主建國會
4217,洗澡啓蒙源多來自文化教育界高級人士
4218,工商企業家
4219,榮毅仁
4220,1945年
4221,
4222,58個
4223,凡爾賽條約
4224,1960年
4225,1960年
4226,外圍賽
4227,世界盃足球賽
4228,西班牙
4229,抽籤
4230,1927年
4231,1927年
4232,洛伐克
4233,洛伐克
4234,地區性國際政治組織
4235,非洲
4236,內蒙古自治區
4237,京津
4238,朝陽市
4239,
4240,全軍最高統帥爲荷蘭君主，國防部領導人爲國防大臣，三軍司令
4241,
4242,波斯灣東南岸
4243,1960年代，鍍白金級，開始依靠貿易，並且開始實施小規模的石油勘探。1966年發現石油，1969年
4244,西方商業模式
4245,英國
4246,1820年
4247,商業貿易
4248,1966年
4249,1975年
4250,2006年
4251,兩倍半大小，大約爲曼哈頓島的七倍
4252,皇家法律
4253,142個
4254,紅線及綠線兩條路線堵城
4255,1947年2月8日，被國民政府下令禁止廣播級罐子。1949年
4256,
4257,1960年
4258,法律制裁
4259,募兵以後
4260,羅馬公民權
4261,奧古斯都
4262,銀幣
4263,百夫長
4264,河南
4265,2002年
4266,黃河鐵路公路大橋
4267,1952年
4268,南國農蕭樹滋
4269,蕭樹滋
4270,蕭樹滋
4271,蕭樹滋
4272,左路饅頭
4273,溫州人
4274,肉包菜包的，把饅頭叫做實心包
4275,重慶市璧林
4276,丘陵
4277,武陵山
4278,西德
4279,磚石爲材料
4280,全封閉的邊防系統
4281,柏林圍牆
4282,四個
4283,1949年
4284,1949年
4285,1961年
4286,烏利希
4287,客座教授
4288,肝癌，細胞已擴散到身體，會在亞特蘭大一家醫院接受治療。卡特找錢，切出一塊小腫塊，然後證實，患癌
4289,1978年
4290,1978年
4291,1978年
4292,國際奧委會
4293,中華人民共和國代表團
4294,楊虎城
4295,分離主義
4296,李烈鈞
4297,宋子文公館
4298,人家軍事委員會
4299,肝臟
4300,細胞色素
4301,麥角胺
4302,英國
4303,1711年
4304,葡萄牙
4305,
4306,文化大革命
4307,漢韻盈
4308,人民鐵道
4309,香港站
4310,香港站
4311,博覽館站
4312,九龍站爲d李村站，青衣站及機場站爲炸公車站，嗯，博覽館站爲地面車站。香港站及九龍站
4313,漢江
4314,冰川漢網
4315,淮河流域
4316,自助餐三行動
4317,私立研究型
4318,教職工，870名博士
4319,穆爾電子工程學院
4320,第四
4321,唐朝
4322,劍橋大學
4323,92英畝
4324,濱州大學獸醫學院
4325,
4326,露點溫度
4327,土耳其
4328,貝爾格勒
4329,1920年
4330,1958年1月29日成爲俄羅斯的一個自治共和國。1991年
4331,俄羅斯聯邦
4332,共和國元首
4333,第二次世界大戰
4334,晉城，新方定北海，東海及南海的區域，是中華人民共和國國務院，中共中央書記處
4335,明代
4336,
4337,東海
4338,袁世凱
4339,袁世凱
4340,總理辦公地
4341,新華門
4342,1975年
4343,彰化市
4344,1966年
4345,八卦臺地區
4346,1959年
4347,彰化縣人口最多的行政區，一位全國人口最多的縣轄市也有234000多人，同時也是全國人口第三祕籍的現象是，僅次於新竹縣竹北市級花蓮縣
4348,花蓮市
4349,四年
4350,市政會議
4351,加入歐盟
4352,基督教
4353,1403年
4354,723公里
4355,北高加索聯邦區
4356,723公里
4357,
4358,農業
4359,計劃經濟
4360,2006年
4361,拜占庭
4362,地震
4363,1930年
4364,1925年
4365,九龍寨城
4366,九龍城
4367,1998年
4368,黃大仙區
4369,家務
4370,1917年
4371,1917年
4372,杭州
4373,1934年
4374,陳春鳳
4375,蔣中正
4376,廣州行營
4377,口頭語言
4378,
4379,
4380,山地
4381,1914年
4382,修水縣
4383,49.2%，五，立木蓄積量，736萬立方米，雙目佔森林蓄積量的56.92%，馬尾松佔森林蓄積量的，28.19，毛竹有3.92萬畝
4384,3.92萬畝
4385,3.92萬畝
4386,喜馬拉雅山
4387,6656米
4388,青唐古拉山脈
4389,總計4.5億兩白銀的，戰爭賠款，分39年償還
4390,美國駐華公使遊客一中國駐美公使樑誠，美國傳教士明恩博
4391,1943年
4392,周錫瑞
4393,滅絕
4394,
4395,高隆基
4396,社會主義市場經濟體制
4397,金正恩
4398,2009年
4399,金正恩
4400,第149位
4401,卡蓋拉河
4402,1990年
4403,公路網絡
4404,熱拉爾，烏魯米爾
4405,1974年
4406,
4407,聯合國
4408,圖西族人
4409,六安達革命
4410,特瓦族
4411,1999年
4412,彩電中心
4413,2010年
4414,央視網標誌
4415,1988年
4416,2009年元宵節
4417,被動的
4418,所有日常的意義活動
4419,文化
4420,58勝24負
4421,羅馬隊
4422,克里斯穆林
4423,2003年
4424,2:4
4425,2004年
4426,真人
4427,道士
4428,道士
4429,佛教僧侶
4430,英國
4431,托爾金
4432,邪惡
4433,芬蘭民族
4434,1915年
4435,1968年
4436,1815年
4437,1815年
4438,島上風光
4439,人權狀況
4440,20世紀
4441,清末民初
4442,王怡
4443,戶籍制度
4444,房產所有權
4445,反革命
4446,
4447,沙祖康
4448,汪洋
4449,中國大陸
4450,價值爭議
4451,基督徒家庭。葉柔米很早就顯露出對藏書的熱情
4452,蔣中正
4453,畜牧業
4454,產品出現了剩餘
4455,文明的原始社會解體
4456,19世紀
4457,拿破崙
4458,改變土地產權制度
4459,1857年
4460,1866年
4461,色當會戰
4462,1870年
4463,德意志帝國
4464,1873年
4465,1850年
4466,普選權的保護者
4467,穩固自己的地位
4468,中華人民共和國
4469,2000年
4470,戰國時期
4471,5月21日
4472,道教
4473,加拿大
4474,加拿大
4475,溫尼伯湖
4476,冰河時期
4477,製造箭頭
4478,1611年
4479,蘇維埃俄國政府
4480,2003年
4481,航空運輸
4482,機場聯絡軌道系統
4483,軌道運輸
4484,2395平方公里
4485,雲南省大理白族自治州
4486,200米
4487,古裝風箏場
4488,卡賓槍概念，也接近後來的個人防衛武器
4489,短槍
4490,中國大陸
4491,第一次世界大戰
4492,美國
4493,伊朗
4494,1960年
4495,陝西省
4496,秦嶺同時也是長江流域
4497,陝西段
4498,中國南北氣候的分界線。嶺南的山南地區爲副熱帶季風氣候
4499,針葉闊葉混交林
4500,蜀道難
4501,1912年
4502,關東大地震
4503,第一次世界大戰
4504,日治時期
4505,1930年
4506,太平洋戰爭
4507,太平洋戰爭
4508,修改日美安保條約
4509,日美安保條約
4510,健康
4511,
4512,
4513,警戒錐加工
4514,民社黨
4515,平成時代
4516,
4517,威舍鎮
4518,587年
4519,587年
4520,源平合戰
4521,1185年
4522,後白河天皇
4523,女媧
4524,凌晨，哇黃女媳，是熟稱女媧娘娘
4525,哇黃女媳，是熟稱女媧娘娘。原爲中國傳說時代中的上古氏族首領，後成爲中國神話中的人類始祖
4526,統計力學的應用和歐文朗繆爾對膠體
4527,統計力學
4528,1977年
4529,北美洲
4530,山西的大同車場，一直生產蒸汽機車至1988年，哈爾濱火車站
4531,1534年8月15日，羅耀拉沙勿略等七人在巴黎的蒙馬特高地，共同是發審片和貞潔的寺院，創立了耶蘇會，他們原本想前往耶路撒冷，但悲，棗莊寶路三是阻止。1540年
4532,葡萄牙
4533,沙勿略
4534,鹿兒島
4535,朱棣
4536,和談破裂
4537,河北戰事不利
4538,七月初十
4539,保定
4540,徐氏
4541,873人
4542,錦衣衛
4543,武高
4544,朱權
4545,燕軍
4546,朱高熙
4547,潮州體育館
4548,體育中心
4549,潮州體育館
4550,中國四大古橋
4551,2001年
4552,亞熱帶海洋性季風氣候
4553,李青
4554,潮州
4555,人多地少
4556,5800日元
4557,5800日元
4558,1995年
4559,民族主義
4560,15.7億
4561,伊斯蘭共和國
4562,賓夕法尼亞州
4563,皮脂保存
4564,2008年
4565,美式橄欖球
4566,石灰石
4567,地理環境看，匹茲堡附近地區的煤礦石灰石，和鐵礦石蘊藏量豐富，加上內河港口的運輸便利
4568,匹茲堡
4569,文藝復興時期
4570,瑞士近衛隊
4571,米開蘭
4572,西班牙
4573,積極進攻
4574,譚詠麟
4575,中國南海
4576,珊瑚島
4577,國共內戰
4578,日本
4579,法國
4580,王世傑
4581,
4582,1950年
4583,便利商店
4584,1980年代
4585,美國公路邊的加油站附屬小店
4586,阿斯頓公園球場
4587,阿斯頓維拉
4588,1987年
4589,5000000美元
4590,1987年
4591,1998年
4592,嘉靖九年
4593,三層
4594,閃電
4595,七星石
4596,哥倫比亞波哥大
4597,
4598,1859年
4599,通過自然選擇的方式實現的
4600,住宅區
4601,住宅區
4602,土瓜灣古村，土家灣，其中香港粵語，經常把音頻的彎度做樣品的還，土瓜灣位於九龍西九龍城區的南部，主要以住宅區及清醒工業區
4603,工廠，直至60年代才漸漸發展起來。商戶主要集中在土瓜灣道工廠大廈
4604,2012年
4605,25個
4606,西奧多羅斯福
4607,
4608,完顏宗弼
4609,完顏宗弼
4610,後勤的問題
4611,後勤的問題，岳飛只能將主力撤回，留少量兵力，護手。張旦被任命爲堂周鄭州，其中襄陽府安撫使，兼襄陽知府，劉鳳爲安撫副使，李道潤堂周正周先舟，襄陽府四周都統制配置
4612,宋高宗
4613,軍事天才
4614,金朝軍隊
4615,岳飛
4616,
4617,6月4日
4618,公元前216年
4619,大興區
4620,流求羣島
4621,甲午戰爭
4622,
4623,馬關條約
4624,12月
4625,臺灣本省人
4626,1980年代
4627,1987年7月14日總統蔣經國宣佈解嚴的主要原因，而強大的國際輿論帶給國民黨政府的壓力也不容忽視。隨後更進一步開放黨禁，即報警，開放民衆赴大陸探親。1988年
4628,亞洲四小龍
4629,1996年
4630,李登輝
4631,李登輝
4632,多元文化主義
4633,葡萄牙語
4634,海拔高度
4635,針葉林
4636,1972年
4637,烏山頭水庫
4638,1972年
4639,戰略地位
4640,1960年代
4641,
4642,1987年
4643,民主進步黨
4644,日治時期
4645,21個
4646,中華人民共和國
4647,中華民國纏上體育運動總會
4648,國際組織
4649,2008年
4650,中華民國國際經濟合作協會
4651,臺灣文化基金會
4652,1995年
4653,中秋
4654,元宵節
4655,香火鼎盛
4656,清治時期
4657,就地取材
4658,珍珠奶茶
4659,英語
4660,1932年
4661,與漢人通婚，加上生存壓力，其語言大多，以及忽消失殆盡
4662,中華民國行政院新聞局
4663,16世紀
4664,葡萄牙
4665,27個
4666,日本文化
4667,二戰
4668,反共抗俄
4669,中華隊
4670,
4671,巧固球
4672,法國
4673,薛海燕
4674,烏鴉
4675,飛行安全事故
4676,100億美元
4677,四川省
4678,贏樂山大佛
4679,廣東話，廣州話
4680,粵語
4681,漢語在廣東和廣西
4682,瑞士
4683,瑞士
4684,阿爾卑斯山脈
4685,荷蘭
4686,1948年
4687,德國
4688,德國
4689,英國
4690,英國
4691,電腦控制技術
4692,國家郵政局
4693,1994年3月1日，由國務院批准，郵電部機構改革方案，郵政總局由機關行政式的分離，成爲專業和尚的企業局。1995年
4694,1995年
4695,26名
4696,1972年
4697,1970年
4698,田納西州
4699,1998年
4700,喬利伯曼
4701,2008年
4702,英國
4703,量子力學
4704,1984年
4705,1984年
4706,底拉克
4707,布里託
4708,迪拉克
4709,科本哈根
4710,真空極化的概念。對於下一個時代的理論學者，施溫格費曼，朝永盛蘭黛生的人而言，正工作室量子，動物電動力學發展的關鍵。1930年底，拉克
4711,1930年
4712,他不想出名
4713,認知花店磁場中的起點的文章中，第八課探討了吃蛋雞
4714,1975年
4715,婆羅門教
4716,天道
4717,到達涅槃的境界
4718,新的地點
4719,新的地點
4720,洋務運動
4721,蔣公玉棟的擁護者，馮桂芬
4722,古羅馬帝國
4723,啓蒙時期
4724,十字軍東征
4725,中國
4726,新柏拉圖主義
4727,上科學革命
4728,物理理論
4729,劉銘傳
4730,舊金山和約
4731,毛澤東
4732,說，支持日本關于歸還領土的要求是中國的一貫政策
4733,蘇聯
4734,公元三世紀
4735,賽維魯
4736,1992年
4737,俄羅斯聯邦沒有完全接替該國，最後仍爲俄羅斯聯邦主體之一，名爲俄羅斯聯邦圖瓦共和國
4738,1992年
4739,1944年
4740,江澤民
4741,蘇聯
4742,口氣
4743,18小時
4744,開始生長
4745,專屬經濟區有純經濟海域，是指國際海洋法中解決國家之間的，因，海域爭端而提出的一個區域概念。專屬經濟區
4746,法國
4747,法國
4748,下議院
4749,2011年制定，國會固定任其發令，英國大學每五年舉行一次，具體日期是5月份的第一個星期四。英國首相會在五年任期後，向國王提前解散國會，所以英國國會議員的任期不會超過五年
4750,不信任案
4751,愛爾蘭
4752,愛爾蘭
4753,亨利八世
4754,上議院
4755,人民選舉
4756,定期公開公平
4757,宋代
4758,蘇菲派
4759,北高加索
4760,
4761,1932年一二八事變發生，因上海北站位於租界以外，並鄰近閘北，戰場因此遭到破壞，四層樓房毀於戰火。1933年5月起，上海北站進行修復，對於底層得到恢復，二層中間部分也得到重建，同時興建左右，候車室，行李房等設施。1937年
4762,一二八事變
4763,1983年
4764,1984年
4765,上海市府鐵道部
4766,新客站
4767,1987年
4768,華東建築設計院
4769,聯檢大廳
4770,減少聯合售票大廳的購票壓力
4771,福建籍
4772,三成
4773,金融中心地位
4774,2003年
4775,桃馬地
4776,金朝陽集團
4777,香港
4778,香港
4779,55000月
4780,祖籍其實藝考就名氣
4781,北宋
4782,
4783,六七暴動
4784,1950年
4785,深圳
4786,
4787,
4788,蔬菜
4789,荃灣新市鎮
4790,廣東最多，屬廣府民系
4791,1945年
4792,大陸移居
4793,中西區
4794,中西區，而福建華僑的在灣仔區漢東區
4795,潮州人
4796,
4797,英國人
4798,郭春秧
4799,閩東人機，福州人爲香港第二多的福建羣體，但人口遠少於閩南人，主要聚居在上黃漢西環
4800,陳隆基
4801,福州
4802,太平天國戰亂
4803,銅鑼灣
4804,男性比例較多
4805,2012年
4806,色情行業
4807,巴基斯坦
4808,1960年代
4809,北角寶馬山
4810,13%
4811,青龍教
4812,吉布瓜娃涌出試婚年齡，從未結婚人士
4813,613900人
4814,1161
4815,1954年
4816,順勢萎縮
4817,大陳島
4818,金剛計劃
4819,蘇聯政府向中華人民共和國政府轉達了信息
4820,四天
4821,太平洋
4822,臺東市
4823,鯉魚山
4824,光緒
4825,1976年
4826,宋慶齡
4827,不具有實權
4828,1975年
4829,雅克考文
4830,新石器時代
4831,白朗軍以中華民國伏旱，桃園軍的旗幟輾轉作戰
4832,民國18年
4833,民國18年
4834,民國34年
4835,晉冀魯豫漢中原解放區
4836,晉冀魯豫野戰軍
4837,湖北省
4838,高石碑鎮
4839,王陽明
4840,南京
4841,反間計
4842,
4843,軍功
4844,正德16年
4845,高原
4846,房山
4847,南極
4848,火山
4849,總統一職，稱爲部長會議主席
4850,不能拒絕任命總理
4851,1871年
4852,互相制衡作用
4853,國家權力
4854,約翰洛克
4855,美國
4856,國民議會
4857,1974年
4858,匈牙利
4859,孫中山
4860,考試
4861,2005年
4862,國防部
4863,陸軍
4864,中華人民共和國
4865,安徽省
4866,長江三角洲
4867,巴丹島
4868,美國工業工程師學會
4869,綜合應用數學
4870,科學管理
4871,數學
4872,南華早報
4873,1903年
4874,1903年
4875,普萊斯
4876,王向偉
4877,2006年
4878,李澤楷
4879,阿里
4880,蒙哥汗去世後，身在戰士的忽必烈
4881,大蒙古國
4882,元世祖
4883,1668年
4884,颱風來襲
4885,宋將呂文煥頭像，隨後，中樞丞相，史天澤漢樞密院事，伯顏率軍，順漢水，南下長江，目標健康
4886,1260年
4887,忽必烈
4888,1351年爆發紅巾軍起事。1368年
4889,忽必烈
4890,南京
4891,色木君傳
4892,15萬發動
4893,1388年
4894,村社制
4895,十路宣慰司
4896,1260年
4897,1238年
4898,法國
4899,1316年
4900,馬可波羅遊記
4901,1229年
4902,蒙古軍
4903,官田漢四天兩種
4904,七團田
4905,自然災害
4906,畜牧業
4907,片金法
4908,婦女黃道婆
4909,交通發達
4910,元朝幅員廣闊
4911,宋元時期
4912,元朝
4913,丘處機
4914,伊斯蘭教
4915,成吉思汗
4916,王羲之
4917,
4918,景德鎮
4919,元朝
4920,西岸，頂點鄰國，包括西邊的貝南北邊的領域，東北方與茶的接壤一小段，國界振東則是康麥隆。那吉利
4921,約魯巴
4922,雪茄煙米卡萊
4923,雪茄煙米卡萊
4924,南非
4925,孝順
4926,燕京大學
4927,中國協和醫學院
4928,美國
4929,中華人民共和國政府
4930,2005年
4931,舊金山和約
4932,1970年代初，另外教授措施，尤爲基於基礎公共設施不足等影響下，民間投資意願降低，經濟成長受到衝擊。政府
4933,新加坡
4934,調整經濟政策
4935,2002年
4936,1970年代
4937,餘額托架
4938,1970年代
4939,發起之
4940,1947年初一一起去驗血，按時累計一年多不滿國民政府倒行逆施，到志明不聊生的龐大明遠
4941,1950年代
4942,高雄市
4943,美麗島事件
4944,1999年
4945,19世紀
4946,重商政策
4947,奧斯曼伊斯蘭政權
4948,阿姆利則慘案
4949,加爾各答
4950,後勤補給的中斷
4951,授權印度法官審理歐洲人所犯的罪行
4952,從這次白色抗爭
4953,1997年
4954,1960年代
4955,1960年代
4956,第三季隊
